Entity,Code,Year,COâ‚‚ emissions embedded in trade as a share of territorial emissions (%)
Africa,,1990,-17.07
Africa,,1991,-16.34
Africa,,1992,-16.78
Africa,,1993,-18.4
Africa,,1994,-17.49
Africa,,1995,-18.95
Africa,,1996,-20.19
Africa,,1997,-20.74
Africa,,1998,-18.75
Africa,,1999,-16.79
Africa,,2000,-18.07
Africa,,2001,-15.89
Africa,,2002,-15.78
Africa,,2003,-13.35
Africa,,2004,-14.73
Africa,,2005,-12.38
Africa,,2006,-11.88
Africa,,2007,-9.85
Africa,,2008,-7.99
Africa,,2009,-5.15
Africa,,2010,-7.22
Africa,,2011,-5.82
Africa,,2012,-4.65
Africa,,2013,-0.37
Africa,,2014,-1.02
Africa,,2015,5.01
Africa,,2016,5.04
Albania,ALB,1990,1.91
Albania,ALB,1991,6.55
Albania,ALB,1992,12.98
Albania,ALB,1993,12.68
Albania,ALB,1994,19.21
Albania,ALB,1995,18.18
Albania,ALB,1996,42.71
Albania,ALB,1997,41.81
Albania,ALB,1998,43.53
Albania,ALB,1999,23.4
Albania,ALB,2000,24.47
Albania,ALB,2001,24.64
Albania,ALB,2002,35.54
Albania,ALB,2003,30.92
Albania,ALB,2004,28.63
Albania,ALB,2005,35.16
Albania,ALB,2006,39.66
Albania,ALB,2007,40
Albania,ALB,2008,40.76
Albania,ALB,2009,46.17
Albania,ALB,2010,34.11
Albania,ALB,2011,21.76
Albania,ALB,2012,23.88
Albania,ALB,2013,19.29
Albania,ALB,2014,14.15
Albania,ALB,2015,29.85
Albania,ALB,2016,27.19
Argentina,ARG,1990,-6.55
Argentina,ARG,1991,-3.56
Argentina,ARG,1992,-2.55
Argentina,ARG,1993,-1.19
Argentina,ARG,1994,-1.77
Argentina,ARG,1995,-4.6
Argentina,ARG,1996,-3.78
Argentina,ARG,1997,-0.86
Argentina,ARG,1998,-0.89
Argentina,ARG,1999,-7.49
Argentina,ARG,2000,-9.49
Argentina,ARG,2001,-12.38
Argentina,ARG,2002,-22.68
Argentina,ARG,2003,-15.42
Argentina,ARG,2004,-14.54
Argentina,ARG,2005,-13.21
Argentina,ARG,2006,-10.72
Argentina,ARG,2007,-7.33
Argentina,ARG,2008,-5.94
Argentina,ARG,2009,-7.9
Argentina,ARG,2010,-5.02
Argentina,ARG,2011,-2.76
Argentina,ARG,2012,-2.23
Argentina,ARG,2013,1.1
Argentina,ARG,2014,0.78
Argentina,ARG,2015,0.12
Argentina,ARG,2016,-1.01
Armenia,ARM,1990,-23
Armenia,ARM,1991,-27.06
Armenia,ARM,1992,-30.53
Armenia,ARM,1993,-23.26
Armenia,ARM,1994,-28.95
Armenia,ARM,1995,-17.65
Armenia,ARM,1996,20.58
Armenia,ARM,1997,26.61
Armenia,ARM,1998,25.27
Armenia,ARM,1999,76.55
Armenia,ARM,2000,15.48
Armenia,ARM,2001,26.51
Armenia,ARM,2002,20.66
Armenia,ARM,2003,26.83
Armenia,ARM,2004,23.16
Armenia,ARM,2005,24.1
Armenia,ARM,2006,21.92
Armenia,ARM,2007,47.26
Armenia,ARM,2008,17.4
Armenia,ARM,2009,36.86
Armenia,ARM,2010,31.41
Armenia,ARM,2011,16.46
Armenia,ARM,2012,11.11
Armenia,ARM,2013,12.4
Armenia,ARM,2014,11.17
Armenia,ARM,2015,40.5
Armenia,ARM,2016,41.84
Asia,,1990,1.42
Asia,,1991,2.33
Asia,,1992,1.12
Asia,,1993,1.13
Asia,,1994,1.01
Asia,,1995,0.67
Asia,,1996,0.47
Asia,,1997,-0.44
Asia,,1998,-3.23
Asia,,1999,-0.51
Asia,,2000,-0.92
Asia,,2001,-0.83
Asia,,2002,-2.33
Asia,,2003,-4.21
Asia,,2004,-5.51
Asia,,2005,-6.33
Asia,,2006,-7.78
Asia,,2007,-8.78
Asia,,2008,-8.52
Asia,,2009,-7.08
Asia,,2010,-7.39
Asia,,2011,-7.97
Asia,,2012,-7.2
Asia,,2013,-7.53
Asia,,2014,-7.56
Asia,,2015,-6.93
Asia,,2016,-6.4
Australia,AUS,1990,-15.55
Australia,AUS,1991,-16.64
Australia,AUS,1992,-17.1
Australia,AUS,1993,-18.15
Australia,AUS,1994,-17.08
Australia,AUS,1995,-18.23
Australia,AUS,1996,-19.1
Australia,AUS,1997,-18.55
Australia,AUS,1998,-17.63
Australia,AUS,1999,-20.32
Australia,AUS,2000,-21.73
Australia,AUS,2001,-22.18
Australia,AUS,2002,-18.73
Australia,AUS,2003,-18.16
Australia,AUS,2004,-16.18
Australia,AUS,2005,-15.17
Australia,AUS,2006,-11.61
Australia,AUS,2007,-9.74
Australia,AUS,2008,-8.5
Australia,AUS,2009,-7.26
Australia,AUS,2010,-4.85
Australia,AUS,2011,-2.52
Australia,AUS,2012,-0.88
Australia,AUS,2013,-3.35
Australia,AUS,2014,-3.66
Australia,AUS,2015,-6.86
Australia,AUS,2016,-9
Austria,AUT,1990,32.84
Austria,AUT,1991,33.2
Austria,AUT,1992,35.59
Austria,AUT,1993,36.09
Austria,AUT,1994,37.88
Austria,AUT,1995,38.64
Austria,AUT,1996,43.78
Austria,AUT,1997,37.18
Austria,AUT,1998,44.33
Austria,AUT,1999,39.85
Austria,AUT,2000,38.7
Austria,AUT,2001,34.82
Austria,AUT,2002,34.32
Austria,AUT,2003,27.98
Austria,AUT,2004,30.51
Austria,AUT,2005,31.54
Austria,AUT,2006,38.43
Austria,AUT,2007,36.55
Austria,AUT,2008,35.14
Austria,AUT,2009,37.46
Austria,AUT,2010,34.83
Austria,AUT,2011,42
Austria,AUT,2012,39.55
Austria,AUT,2013,37.44
Austria,AUT,2014,40.57
Austria,AUT,2015,36.28
Austria,AUT,2016,36.12
Azerbaijan,AZE,1990,-34.11
Azerbaijan,AZE,1991,-37.61
Azerbaijan,AZE,1992,-55.48
Azerbaijan,AZE,1993,-33.03
Azerbaijan,AZE,1994,-36.61
Azerbaijan,AZE,1995,-21.71
Azerbaijan,AZE,1996,0.25
Azerbaijan,AZE,1997,-2.27
Azerbaijan,AZE,1998,-0.87
Azerbaijan,AZE,1999,-6.46
Azerbaijan,AZE,2000,-4.99
Azerbaijan,AZE,2001,-1.07
Azerbaijan,AZE,2002,8.63
Azerbaijan,AZE,2003,13.85
Azerbaijan,AZE,2004,17.02
Azerbaijan,AZE,2005,6.04
Azerbaijan,AZE,2006,6.97
Azerbaijan,AZE,2007,7.72
Azerbaijan,AZE,2008,4.44
Azerbaijan,AZE,2009,1.12
Azerbaijan,AZE,2010,0.83
Azerbaijan,AZE,2011,1.6
Azerbaijan,AZE,2012,4.55
Azerbaijan,AZE,2013,6.59
Azerbaijan,AZE,2014,6.25
Azerbaijan,AZE,2015,3.42
Azerbaijan,AZE,2016,5
Bahrain,BHR,1990,-10.87
Bahrain,BHR,1991,-4.14
Bahrain,BHR,1992,-0.59
Bahrain,BHR,1993,-11.03
Bahrain,BHR,1994,-10.03
Bahrain,BHR,1995,-10.63
Bahrain,BHR,1996,-13.59
Bahrain,BHR,1997,-27.66
Bahrain,BHR,1998,-25.28
Bahrain,BHR,1999,-63.27
Bahrain,BHR,2000,-34.68
Bahrain,BHR,2001,-23.35
Bahrain,BHR,2002,-35.04
Bahrain,BHR,2003,-38
Bahrain,BHR,2004,-40.79
Bahrain,BHR,2005,-33.28
Bahrain,BHR,2006,-37.16
Bahrain,BHR,2007,-38.2
Bahrain,BHR,2008,-32.08
Bahrain,BHR,2009,-30.44
Bahrain,BHR,2010,-27.9
Bahrain,BHR,2011,-37.64
Bahrain,BHR,2012,-46.42
Bahrain,BHR,2013,-45.54
Bahrain,BHR,2014,-42.48
Bahrain,BHR,2015,-43.18
Bahrain,BHR,2016,-42.2
Bangladesh,BGD,1990,21.77
Bangladesh,BGD,1991,26
Bangladesh,BGD,1992,22.95
Bangladesh,BGD,1993,26.13
Bangladesh,BGD,1994,27.22
Bangladesh,BGD,1995,22.67
Bangladesh,BGD,1996,25.19
Bangladesh,BGD,1997,24.67
Bangladesh,BGD,1998,25.51
Bangladesh,BGD,1999,19.96
Bangladesh,BGD,2000,22.05
Bangladesh,BGD,2001,29.91
Bangladesh,BGD,2002,17.26
Bangladesh,BGD,2003,35.75
Bangladesh,BGD,2004,31.68
Bangladesh,BGD,2005,28.45
Bangladesh,BGD,2006,23.33
Bangladesh,BGD,2007,29.82
Bangladesh,BGD,2008,22.97
Bangladesh,BGD,2009,24.2
Bangladesh,BGD,2010,27.53
Bangladesh,BGD,2011,30.1
Bangladesh,BGD,2012,26.89
Bangladesh,BGD,2013,34.8
Bangladesh,BGD,2014,34.33
Bangladesh,BGD,2015,27.29
Bangladesh,BGD,2016,26.72
Belarus,BLR,1990,-72.38
Belarus,BLR,1991,-72.54
Belarus,BLR,1992,-59.12
Belarus,BLR,1993,-50.61
Belarus,BLR,1994,-55.63
Belarus,BLR,1995,-46.54
Belarus,BLR,1996,-22.51
Belarus,BLR,1997,-24.98
Belarus,BLR,1998,19.69
Belarus,BLR,1999,5.58
Belarus,BLR,2000,3.24
Belarus,BLR,2001,2.89
Belarus,BLR,2002,7.24
Belarus,BLR,2003,5.43
Belarus,BLR,2004,4.99
Belarus,BLR,2005,-3.56
Belarus,BLR,2006,4.25
Belarus,BLR,2007,12.62
Belarus,BLR,2008,18.13
Belarus,BLR,2009,-8.53
Belarus,BLR,2010,-0.44
Belarus,BLR,2011,-8.01
Belarus,BLR,2012,10.87
Belarus,BLR,2013,13.23
Belarus,BLR,2014,11.9
Belarus,BLR,2015,14.84
Belarus,BLR,2016,12.92
Belgium,BEL,1990,22.13
Belgium,BEL,1991,26.5
Belgium,BEL,1992,24.1
Belgium,BEL,1993,25.67
Belgium,BEL,1994,25.81
Belgium,BEL,1995,29.43
Belgium,BEL,1996,26.39
Belgium,BEL,1997,37.16
Belgium,BEL,1998,38.63
Belgium,BEL,1999,46.95
Belgium,BEL,2000,49.34
Belgium,BEL,2001,48.65
Belgium,BEL,2002,57.34
Belgium,BEL,2003,51.64
Belgium,BEL,2004,66.49
Belgium,BEL,2005,67.66
Belgium,BEL,2006,77.32
Belgium,BEL,2007,85.58
Belgium,BEL,2008,71.07
Belgium,BEL,2009,68.83
Belgium,BEL,2010,71.08
Belgium,BEL,2011,95.5
Belgium,BEL,2012,81.82
Belgium,BEL,2013,79.84
Belgium,BEL,2014,87.63
Belgium,BEL,2015,78.81
Belgium,BEL,2016,76.83
Benin,BEN,1990,37.97
Benin,BEN,1991,33.41
Benin,BEN,1992,30.25
Benin,BEN,1993,23.41
Benin,BEN,1994,23.19
Benin,BEN,1995,27.17
Benin,BEN,1996,38.05
Benin,BEN,1997,55
Benin,BEN,1998,72.98
Benin,BEN,1999,33.67
Benin,BEN,2000,60.56
Benin,BEN,2001,56.9
Benin,BEN,2002,53.78
Benin,BEN,2003,51.58
Benin,BEN,2004,36.89
Benin,BEN,2005,82.12
Benin,BEN,2006,56.5
Benin,BEN,2007,39.65
Benin,BEN,2008,56.36
Benin,BEN,2009,47.64
Benin,BEN,2010,42.26
Benin,BEN,2011,72.81
Benin,BEN,2012,48.92
Benin,BEN,2013,48.94
Benin,BEN,2014,33.24
Benin,BEN,2015,65.96
Benin,BEN,2016,60.94
Bolivia,BOL,1990,-9.38
Bolivia,BOL,1991,-10.16
Bolivia,BOL,1992,-11.01
Bolivia,BOL,1993,-13.13
Bolivia,BOL,1994,-16.15
Bolivia,BOL,1995,-17.61
Bolivia,BOL,1996,-15.93
Bolivia,BOL,1997,-8.81
Bolivia,BOL,1998,-6.95
Bolivia,BOL,1999,0.37
Bolivia,BOL,2000,-7.35
Bolivia,BOL,2001,-5.07
Bolivia,BOL,2002,-5.69
Bolivia,BOL,2003,-19.6
Bolivia,BOL,2004,-22.96
Bolivia,BOL,2005,-23.37
Bolivia,BOL,2006,-21.55
Bolivia,BOL,2007,-18.07
Bolivia,BOL,2008,-12.72
Bolivia,BOL,2009,-5.8
Bolivia,BOL,2010,-8.68
Bolivia,BOL,2011,-5.5
Bolivia,BOL,2012,-9.78
Bolivia,BOL,2013,-8.48
Bolivia,BOL,2014,-10.55
Bolivia,BOL,2015,15.6
Bolivia,BOL,2016,15.58
Botswana,BWA,1990,0
Botswana,BWA,1991,0
Botswana,BWA,1992,0
Botswana,BWA,1993,0
Botswana,BWA,1994,0
Botswana,BWA,1995,0
Botswana,BWA,1996,0
Botswana,BWA,1997,0
Botswana,BWA,1998,0
Botswana,BWA,1999,0
Botswana,BWA,2000,159.86
Botswana,BWA,2001,118.61
Botswana,BWA,2002,-23.33
Botswana,BWA,2003,318.21
Botswana,BWA,2004,180.73
Botswana,BWA,2005,135.19
Botswana,BWA,2006,105.64
Botswana,BWA,2007,150.72
Botswana,BWA,2008,158.68
Botswana,BWA,2009,44.78
Botswana,BWA,2010,26.35
Botswana,BWA,2011,26.87
Botswana,BWA,2012,25.31
Botswana,BWA,2013,195.27
Botswana,BWA,2014,141.01
Botswana,BWA,2015,187.6
Botswana,BWA,2016,190.21
Brazil,BRA,1990,13.51
Brazil,BRA,1991,12.87
Brazil,BRA,1992,11.41
Brazil,BRA,1993,10.63
Brazil,BRA,1994,11.1
Brazil,BRA,1995,12.37
Brazil,BRA,1996,12.46
Brazil,BRA,1997,12.99
Brazil,BRA,1998,12.1
Brazil,BRA,1999,5.86
Brazil,BRA,2000,6.42
Brazil,BRA,2001,4.44
Brazil,BRA,2002,2.06
Brazil,BRA,2003,1.04
Brazil,BRA,2004,0.53
Brazil,BRA,2005,0.85
Brazil,BRA,2006,2.89
Brazil,BRA,2007,4.61
Brazil,BRA,2008,10.62
Brazil,BRA,2009,6.97
Brazil,BRA,2010,11.33
Brazil,BRA,2011,12.77
Brazil,BRA,2012,11.98
Brazil,BRA,2013,11.74
Brazil,BRA,2014,11.19
Brazil,BRA,2015,8.09
Brazil,BRA,2016,8.47
Brunei,BRN,1990,-47.98
Brunei,BRN,1991,-44.32
Brunei,BRN,1992,-40.45
Brunei,BRN,1993,-31.64
Brunei,BRN,1994,-25.55
Brunei,BRN,1995,-31.97
Brunei,BRN,1996,-5.16
Brunei,BRN,1997,-51.85
Brunei,BRN,1998,-33.39
Brunei,BRN,1999,-50.11
Brunei,BRN,2000,-56.81
Brunei,BRN,2001,-56.06
Brunei,BRN,2002,-54.21
Brunei,BRN,2003,-8.87
Brunei,BRN,2004,-20.32
Brunei,BRN,2005,-18.2
Brunei,BRN,2006,-9
Brunei,BRN,2007,-21.79
Brunei,BRN,2008,-21.25
Brunei,BRN,2009,-33.94
Brunei,BRN,2010,-30.89
Brunei,BRN,2011,-25.31
Brunei,BRN,2012,-17.99
Brunei,BRN,2013,7.09
Brunei,BRN,2014,-2.31
Brunei,BRN,2015,-5.3
Brunei,BRN,2016,-5.66
Bulgaria,BGR,1990,-27.27
Bulgaria,BGR,1991,-18.76
Bulgaria,BGR,1992,-20.52
Bulgaria,BGR,1993,-22.1
Bulgaria,BGR,1994,-23.33
Bulgaria,BGR,1995,-26.79
Bulgaria,BGR,1996,-25.24
Bulgaria,BGR,1997,-27.71
Bulgaria,BGR,1998,-23.69
Bulgaria,BGR,1999,-18.37
Bulgaria,BGR,2000,-8.25
Bulgaria,BGR,2001,-10.18
Bulgaria,BGR,2002,-10.57
Bulgaria,BGR,2003,-12.17
Bulgaria,BGR,2004,-11.77
Bulgaria,BGR,2005,-9.55
Bulgaria,BGR,2006,-3.23
Bulgaria,BGR,2007,-5.98
Bulgaria,BGR,2008,-0.87
Bulgaria,BGR,2009,-4.5
Bulgaria,BGR,2010,-9.7
Bulgaria,BGR,2011,-12.22
Bulgaria,BGR,2012,-7.48
Bulgaria,BGR,2013,-8.69
Bulgaria,BGR,2014,-11.01
Bulgaria,BGR,2015,-14.96
Bulgaria,BGR,2016,-14.96
Burkina Faso,BFA,1990,42.16
Burkina Faso,BFA,1991,38.43
Burkina Faso,BFA,1992,38.29
Burkina Faso,BFA,1993,41.64
Burkina Faso,BFA,1994,39.69
Burkina Faso,BFA,1995,50.09
Burkina Faso,BFA,1996,44.13
Burkina Faso,BFA,1997,50.96
Burkina Faso,BFA,1998,132.19
Burkina Faso,BFA,1999,165.5
Burkina Faso,BFA,2000,56.61
Burkina Faso,BFA,2001,100.31
Burkina Faso,BFA,2002,93.94
Burkina Faso,BFA,2003,83.85
Burkina Faso,BFA,2004,111.71
Burkina Faso,BFA,2005,45.14
Burkina Faso,BFA,2006,31.54
Burkina Faso,BFA,2007,37.37
Burkina Faso,BFA,2008,36.1
Burkina Faso,BFA,2009,51.64
Burkina Faso,BFA,2010,50.82
Burkina Faso,BFA,2011,31.36
Burkina Faso,BFA,2012,16.18
Burkina Faso,BFA,2013,41.72
Burkina Faso,BFA,2014,45.43
Burkina Faso,BFA,2015,35.53
Burkina Faso,BFA,2016,33.03
Cambodia,KHM,1990,42.41
Cambodia,KHM,1991,42.6
Cambodia,KHM,1992,45.46
Cambodia,KHM,1993,48.24
Cambodia,KHM,1994,49.24
Cambodia,KHM,1995,42.21
Cambodia,KHM,1996,48.85
Cambodia,KHM,1997,53.73
Cambodia,KHM,1998,47.11
Cambodia,KHM,1999,41.42
Cambodia,KHM,2000,39.74
Cambodia,KHM,2001,50.15
Cambodia,KHM,2002,21.57
Cambodia,KHM,2003,95.57
Cambodia,KHM,2004,97.31
Cambodia,KHM,2005,114.97
Cambodia,KHM,2006,122.63
Cambodia,KHM,2007,111.87
Cambodia,KHM,2008,109.81
Cambodia,KHM,2009,80.59
Cambodia,KHM,2010,103.16
Cambodia,KHM,2011,112.92
Cambodia,KHM,2012,103.8
Cambodia,KHM,2013,140.06
Cambodia,KHM,2014,118.24
Cambodia,KHM,2015,108.36
Cambodia,KHM,2016,99.39
Cameroon,CMR,1990,35.19
Cameroon,CMR,1991,69.45
Cameroon,CMR,1992,12.01
Cameroon,CMR,1993,14.92
Cameroon,CMR,1994,14.49
Cameroon,CMR,1995,11.74
Cameroon,CMR,1996,3.6
Cameroon,CMR,1997,27.07
Cameroon,CMR,1998,27.41
Cameroon,CMR,1999,8.26
Cameroon,CMR,2000,15.93
Cameroon,CMR,2001,31.83
Cameroon,CMR,2002,31.02
Cameroon,CMR,2003,41.39
Cameroon,CMR,2004,30.77
Cameroon,CMR,2005,45.25
Cameroon,CMR,2006,45.77
Cameroon,CMR,2007,8.86
Cameroon,CMR,2008,25.65
Cameroon,CMR,2009,19.05
Cameroon,CMR,2010,20.75
Cameroon,CMR,2011,38.79
Cameroon,CMR,2012,48.12
Cameroon,CMR,2013,59.28
Cameroon,CMR,2014,60.73
Cameroon,CMR,2015,56.43
Cameroon,CMR,2016,50.26
Canada,CAN,1990,2.85
Canada,CAN,1991,4.33
Canada,CAN,1992,3.29
Canada,CAN,1993,2.74
Canada,CAN,1994,1.9
Canada,CAN,1995,2.16
Canada,CAN,1996,1.53
Canada,CAN,1997,5.26
Canada,CAN,1998,5.1
Canada,CAN,1999,1.62
Canada,CAN,2000,1.87
Canada,CAN,2001,0.19
Canada,CAN,2002,2.42
Canada,CAN,2003,-4.6
Canada,CAN,2004,-1.73
Canada,CAN,2005,1.47
Canada,CAN,2006,-0.26
Canada,CAN,2007,0.64
Canada,CAN,2008,2.82
Canada,CAN,2009,4.11
Canada,CAN,2010,7.2
Canada,CAN,2011,0.34
Canada,CAN,2012,6.52
Canada,CAN,2013,6.93
Canada,CAN,2014,6.71
Canada,CAN,2015,3.43
Canada,CAN,2016,2.84
Central America,,1990,5.99
Central America,,1991,6.57
Central America,,1992,3.63
Central America,,1993,6.33
Central America,,1994,5.43
Central America,,1995,7.11
Central America,,1996,9.4
Central America,,1997,11.81
Central America,,1998,18.44
Central America,,1999,25.18
Central America,,2000,19.79
Central America,,2001,21.72
Central America,,2002,21.01
Central America,,2003,10.6
Central America,,2004,3.92
Central America,,2005,2.58
Central America,,2006,-4.31
Central America,,2007,-5.54
Central America,,2008,-2.88
Central America,,2009,5.53
Central America,,2010,9.11
Central America,,2011,2.46
Central America,,2012,12.53
Central America,,2013,2.92
Central America,,2014,4.62
Central America,,2015,16.92
Central America,,2016,19.98
Chile,CHL,1990,-6.35
Chile,CHL,1991,-5.1
Chile,CHL,1992,-6.41
Chile,CHL,1993,-5.42
Chile,CHL,1994,-7.7
Chile,CHL,1995,-6.95
Chile,CHL,1996,-8.57
Chile,CHL,1997,-12.35
Chile,CHL,1998,-11.21
Chile,CHL,1999,-8.82
Chile,CHL,2000,-4.6
Chile,CHL,2001,-2.02
Chile,CHL,2002,-2.9
Chile,CHL,2003,-8.95
Chile,CHL,2004,-9.42
Chile,CHL,2005,-3.22
Chile,CHL,2006,2.42
Chile,CHL,2007,-1.36
Chile,CHL,2008,4.95
Chile,CHL,2009,-4.73
Chile,CHL,2010,2.39
Chile,CHL,2011,4.16
Chile,CHL,2012,9.59
Chile,CHL,2013,8.11
Chile,CHL,2014,9.25
Chile,CHL,2015,8.5
Chile,CHL,2016,5.39
China,CHN,1990,-5.6
China,CHN,1991,-5.47
China,CHN,1992,-6.75
China,CHN,1993,-7.79
China,CHN,1994,-9.71
China,CHN,1995,-10.07
China,CHN,1996,-10.2
China,CHN,1997,-12.64
China,CHN,1998,-12.88
China,CHN,1999,-11.58
China,CHN,2000,-11.81
China,CHN,2001,-9.53
China,CHN,2002,-11.4
China,CHN,2003,-14.58
China,CHN,2004,-15.95
China,CHN,2005,-16.84
China,CHN,2006,-19.5
China,CHN,2007,-19.44
China,CHN,2008,-19.29
China,CHN,2009,-15.17
China,CHN,2010,-15.52
China,CHN,2011,-16.09
China,CHN,2012,-15.77
China,CHN,2013,-16.08
China,CHN,2014,-16.28
China,CHN,2015,-15.04
China,CHN,2016,-13.9
Colombia,COL,1990,10.28
Colombia,COL,1991,9.35
Colombia,COL,1992,7
Colombia,COL,1993,9.59
Colombia,COL,1994,10.54
Colombia,COL,1995,15.72
Colombia,COL,1996,12.91
Colombia,COL,1997,14.97
Colombia,COL,1998,16.55
Colombia,COL,1999,11.41
Colombia,COL,2000,8.18
Colombia,COL,2001,11.7
Colombia,COL,2002,19.65
Colombia,COL,2003,7.88
Colombia,COL,2004,8.28
Colombia,COL,2005,9.15
Colombia,COL,2006,13.6
Colombia,COL,2007,16.9
Colombia,COL,2008,15.32
Colombia,COL,2009,8.65
Colombia,COL,2010,11.45
Colombia,COL,2011,15.83
Colombia,COL,2012,16.74
Colombia,COL,2013,14.21
Colombia,COL,2014,18.14
Colombia,COL,2015,16.04
Colombia,COL,2016,15.59
Costa Rica,CRI,1990,70.56
Costa Rica,CRI,1991,61.41
Costa Rica,CRI,1992,49.51
Costa Rica,CRI,1993,50.65
Costa Rica,CRI,1994,37.3
Costa Rica,CRI,1995,44.86
Costa Rica,CRI,1996,44.98
Costa Rica,CRI,1997,53.47
Costa Rica,CRI,1998,70.26
Costa Rica,CRI,1999,138.09
Costa Rica,CRI,2000,86.46
Costa Rica,CRI,2001,115.41
Costa Rica,CRI,2002,188.52
Costa Rica,CRI,2003,91.13
Costa Rica,CRI,2004,88.13
Costa Rica,CRI,2005,104.3
Costa Rica,CRI,2006,64.03
Costa Rica,CRI,2007,63.53
Costa Rica,CRI,2008,63.91
Costa Rica,CRI,2009,47.13
Costa Rica,CRI,2010,58.92
Costa Rica,CRI,2011,70.58
Costa Rica,CRI,2012,75.6
Costa Rica,CRI,2013,66.83
Costa Rica,CRI,2014,66.38
Costa Rica,CRI,2015,72.1
Costa Rica,CRI,2016,67.22
Cote d'Ivoire,CIV,1990,5.06
Cote d'Ivoire,CIV,1991,16.9
Cote d'Ivoire,CIV,1992,19.48
Cote d'Ivoire,CIV,1993,12.94
Cote d'Ivoire,CIV,1994,18.72
Cote d'Ivoire,CIV,1995,7.51
Cote d'Ivoire,CIV,1996,-18.37
Cote d'Ivoire,CIV,1997,-15.84
Cote d'Ivoire,CIV,1998,21.54
Cote d'Ivoire,CIV,1999,-22.62
Cote d'Ivoire,CIV,2000,-41.4
Cote d'Ivoire,CIV,2001,-36.28
Cote d'Ivoire,CIV,2002,-45.76
Cote d'Ivoire,CIV,2003,27.42
Cote d'Ivoire,CIV,2004,-2.55
Cote d'Ivoire,CIV,2005,6.8
Cote d'Ivoire,CIV,2006,21.51
Cote d'Ivoire,CIV,2007,15.6
Cote d'Ivoire,CIV,2008,30.61
Cote d'Ivoire,CIV,2009,38.96
Cote d'Ivoire,CIV,2010,28.94
Cote d'Ivoire,CIV,2011,21.03
Cote d'Ivoire,CIV,2012,15.28
Cote d'Ivoire,CIV,2013,53.09
Cote d'Ivoire,CIV,2014,54.03
Cote d'Ivoire,CIV,2015,43.73
Cote d'Ivoire,CIV,2016,42.82
Croatia,HRV,1990,-11.91
Croatia,HRV,1991,-6.82
Croatia,HRV,1992,-3.56
Croatia,HRV,1993,0.12
Croatia,HRV,1994,5.45
Croatia,HRV,1995,11.42
Croatia,HRV,1996,15.05
Croatia,HRV,1997,14.07
Croatia,HRV,1998,7.75
Croatia,HRV,1999,6.69
Croatia,HRV,2000,5.87
Croatia,HRV,2001,11.73
Croatia,HRV,2002,12.78
Croatia,HRV,2003,14.71
Croatia,HRV,2004,15.25
Croatia,HRV,2005,17.71
Croatia,HRV,2006,30.96
Croatia,HRV,2007,22.54
Croatia,HRV,2008,27.03
Croatia,HRV,2009,21.71
Croatia,HRV,2010,18.36
Croatia,HRV,2011,31.66
Croatia,HRV,2012,17.73
Croatia,HRV,2013,18.91
Croatia,HRV,2014,17.95
Croatia,HRV,2015,3.84
Croatia,HRV,2016,3.09
Cyprus,CYP,1990,25.48
Cyprus,CYP,1991,23.66
Cyprus,CYP,1992,7.91
Cyprus,CYP,1993,5.05
Cyprus,CYP,1994,5.33
Cyprus,CYP,1995,9.46
Cyprus,CYP,1996,23.09
Cyprus,CYP,1997,13.83
Cyprus,CYP,1998,31.52
Cyprus,CYP,1999,14.26
Cyprus,CYP,2000,26.39
Cyprus,CYP,2001,27.4
Cyprus,CYP,2002,48.32
Cyprus,CYP,2003,32.12
Cyprus,CYP,2004,17.82
Cyprus,CYP,2005,21.07
Cyprus,CYP,2006,15.45
Cyprus,CYP,2007,24.79
Cyprus,CYP,2008,38.78
Cyprus,CYP,2009,55.86
Cyprus,CYP,2010,61.96
Cyprus,CYP,2011,45.99
Cyprus,CYP,2012,30.39
Cyprus,CYP,2013,20.35
Cyprus,CYP,2014,14.54
Cyprus,CYP,2015,10.84
Cyprus,CYP,2016,5.79
Czech Republic,CZE,1990,-0.59
Czech Republic,CZE,1991,2.48
Czech Republic,CZE,1992,-0.62
Czech Republic,CZE,1993,-2.39
Czech Republic,CZE,1994,0.04
Czech Republic,CZE,1995,-0.33
Czech Republic,CZE,1996,-2.24
Czech Republic,CZE,1997,-2.61
Czech Republic,CZE,1998,-3.04
Czech Republic,CZE,1999,-3.11
Czech Republic,CZE,2000,-4.29
Czech Republic,CZE,2001,-3.43
Czech Republic,CZE,2002,0.56
Czech Republic,CZE,2003,-2.25
Czech Republic,CZE,2004,-6.24
Czech Republic,CZE,2005,-9.04
Czech Republic,CZE,2006,-3.32
Czech Republic,CZE,2007,-0.99
Czech Republic,CZE,2008,3.82
Czech Republic,CZE,2009,-0.14
Czech Republic,CZE,2010,2.54
Czech Republic,CZE,2011,3.14
Czech Republic,CZE,2012,-0.11
Czech Republic,CZE,2013,2.11
Czech Republic,CZE,2014,1.2
Czech Republic,CZE,2015,0.49
Czech Republic,CZE,2016,-0.29
Denmark,DNK,1990,7.75
Denmark,DNK,1991,1.99
Denmark,DNK,1992,4.34
Denmark,DNK,1993,3.4
Denmark,DNK,1994,2.42
Denmark,DNK,1995,7.38
Denmark,DNK,1996,-2.84
Denmark,DNK,1997,3.55
Denmark,DNK,1998,6.43
Denmark,DNK,1999,14.25
Denmark,DNK,2000,15.89
Denmark,DNK,2001,13.59
Denmark,DNK,2002,15.5
Denmark,DNK,2003,10.19
Denmark,DNK,2004,23.36
Denmark,DNK,2005,27.52
Denmark,DNK,2006,21.29
Denmark,DNK,2007,25.87
Denmark,DNK,2008,28.7
Denmark,DNK,2009,26.02
Denmark,DNK,2010,27.09
Denmark,DNK,2011,36.13
Denmark,DNK,2012,37.97
Denmark,DNK,2013,35.24
Denmark,DNK,2014,43.81
Denmark,DNK,2015,46.98
Denmark,DNK,2016,41.87
Dominican Republic,DOM,1990,6.16
Dominican Republic,DOM,1991,4.7
Dominican Republic,DOM,1992,4.3
Dominican Republic,DOM,1993,3.32
Dominican Republic,DOM,1994,3.25
Dominican Republic,DOM,1995,-1.51
Dominican Republic,DOM,1996,-0.59
Dominican Republic,DOM,1997,2.45
Dominican Republic,DOM,1998,14.01
Dominican Republic,DOM,1999,31.54
Dominican Republic,DOM,2000,31.84
Dominican Republic,DOM,2001,35.58
Dominican Republic,DOM,2002,13.71
Dominican Republic,DOM,2003,1.28
Dominican Republic,DOM,2004,2.44
Dominican Republic,DOM,2005,9.47
Dominican Republic,DOM,2006,7.34
Dominican Republic,DOM,2007,12.92
Dominican Republic,DOM,2008,19.94
Dominican Republic,DOM,2009,14.1
Dominican Republic,DOM,2010,15.22
Dominican Republic,DOM,2011,14.22
Dominican Republic,DOM,2012,17.38
Dominican Republic,DOM,2013,11.51
Dominican Republic,DOM,2014,11.66
Dominican Republic,DOM,2015,32.34
Dominican Republic,DOM,2016,31.07
EU-28,,1990,12.32
EU-28,,1991,15.59
EU-28,,1992,13.57
EU-28,,1993,14.37
EU-28,,1994,15.15
EU-28,,1995,16.25
EU-28,,1996,13.81
EU-28,,1997,14.51
EU-28,,1998,16.47
EU-28,,1999,16.05
EU-28,,2000,16.44
EU-28,,2001,15.22
EU-28,,2002,16.76
EU-28,,2003,16
EU-28,,2004,18.55
EU-28,,2005,18.47
EU-28,,2006,22.26
EU-28,,2007,22.32
EU-28,,2008,22.39
EU-28,,2009,23.49
EU-28,,2010,23.09
EU-28,,2011,25.55
EU-28,,2012,21
EU-28,,2013,20.31
EU-28,,2014,22.31
EU-28,,2015,19.4
EU-28,,2016,19.19
Ecuador,ECU,1990,2.69
Ecuador,ECU,1991,1.22
Ecuador,ECU,1992,-4.93
Ecuador,ECU,1993,-6.12
Ecuador,ECU,1994,7.1
Ecuador,ECU,1995,-5.76
Ecuador,ECU,1996,-7.79
Ecuador,ECU,1997,3.82
Ecuador,ECU,1998,8.37
Ecuador,ECU,1999,3.89
Ecuador,ECU,2000,4.16
Ecuador,ECU,2001,12.89
Ecuador,ECU,2002,20.98
Ecuador,ECU,2003,11.15
Ecuador,ECU,2004,7.67
Ecuador,ECU,2005,7.96
Ecuador,ECU,2006,14.6
Ecuador,ECU,2007,16.91
Ecuador,ECU,2008,15.52
Ecuador,ECU,2009,12.11
Ecuador,ECU,2010,18.19
Ecuador,ECU,2011,19.88
Ecuador,ECU,2012,22.8
Ecuador,ECU,2013,19.83
Ecuador,ECU,2014,17.47
Ecuador,ECU,2015,14.9
Ecuador,ECU,2016,15.61
Egypt,EGY,1990,12.41
Egypt,EGY,1991,14.02
Egypt,EGY,1992,9.02
Egypt,EGY,1993,6.45
Egypt,EGY,1994,11.01
Egypt,EGY,1995,10.54
Egypt,EGY,1996,8.57
Egypt,EGY,1997,9.14
Egypt,EGY,1998,10.14
Egypt,EGY,1999,11.81
Egypt,EGY,2000,6.45
Egypt,EGY,2001,7.42
Egypt,EGY,2002,7.57
Egypt,EGY,2003,2.07
Egypt,EGY,2004,-2.12
Egypt,EGY,2005,2.25
Egypt,EGY,2006,-1.57
Egypt,EGY,2007,-3.71
Egypt,EGY,2008,-3.11
Egypt,EGY,2009,-0.79
Egypt,EGY,2010,0.69
Egypt,EGY,2011,-1.23
Egypt,EGY,2012,2.28
Egypt,EGY,2013,0.49
Egypt,EGY,2014,4.04
Egypt,EGY,2015,3.59
Egypt,EGY,2016,5.31
El Salvador,SLV,1990,54.79
El Salvador,SLV,1991,44.16
El Salvador,SLV,1992,44.73
El Salvador,SLV,1993,37.6
El Salvador,SLV,1994,32.6
El Salvador,SLV,1995,31.58
El Salvador,SLV,1996,37.49
El Salvador,SLV,1997,37.5
El Salvador,SLV,1998,47.5
El Salvador,SLV,1999,41.04
El Salvador,SLV,2000,40.03
El Salvador,SLV,2001,51.53
El Salvador,SLV,2002,52.75
El Salvador,SLV,2003,43.64
El Salvador,SLV,2004,43.39
El Salvador,SLV,2005,38.9
El Salvador,SLV,2006,34.73
El Salvador,SLV,2007,33.88
El Salvador,SLV,2008,40.85
El Salvador,SLV,2009,28.77
El Salvador,SLV,2010,31.62
El Salvador,SLV,2011,35.75
El Salvador,SLV,2012,35.19
El Salvador,SLV,2013,41.07
El Salvador,SLV,2014,43.67
El Salvador,SLV,2015,48.11
El Salvador,SLV,2016,45.54
Estonia,EST,1990,-14.11
Estonia,EST,1991,-4.11
Estonia,EST,1992,-15.77
Estonia,EST,1993,-12.65
Estonia,EST,1994,-14.48
Estonia,EST,1995,-10.35
Estonia,EST,1996,-7.31
Estonia,EST,1997,-7.48
Estonia,EST,1998,14.42
Estonia,EST,1999,19.7
Estonia,EST,2000,13.49
Estonia,EST,2001,10.72
Estonia,EST,2002,22.29
Estonia,EST,2003,21.21
Estonia,EST,2004,5.69
Estonia,EST,2005,8.68
Estonia,EST,2006,17.73
Estonia,EST,2007,3.31
Estonia,EST,2008,-4.23
Estonia,EST,2009,2.41
Estonia,EST,2010,-7.43
Estonia,EST,2011,-0.71
Estonia,EST,2012,0.22
Estonia,EST,2013,-6.27
Estonia,EST,2014,-4.63
Estonia,EST,2015,3.79
Estonia,EST,2016,-0.31
Ethiopia,ETH,1990,25.34
Ethiopia,ETH,1991,27.85
Ethiopia,ETH,1992,29.07
Ethiopia,ETH,1993,31.2
Ethiopia,ETH,1994,47.44
Ethiopia,ETH,1995,44.85
Ethiopia,ETH,1996,42.01
Ethiopia,ETH,1997,47.27
Ethiopia,ETH,1998,68.73
Ethiopia,ETH,1999,68.47
Ethiopia,ETH,2000,43.92
Ethiopia,ETH,2001,39.2
Ethiopia,ETH,2002,31.96
Ethiopia,ETH,2003,36.5
Ethiopia,ETH,2004,25.03
Ethiopia,ETH,2005,48.65
Ethiopia,ETH,2006,52.07
Ethiopia,ETH,2007,41.56
Ethiopia,ETH,2008,47
Ethiopia,ETH,2009,70.94
Ethiopia,ETH,2010,52.33
Ethiopia,ETH,2011,43.92
Ethiopia,ETH,2012,70.54
Ethiopia,ETH,2013,62.21
Ethiopia,ETH,2014,59.18
Ethiopia,ETH,2015,56.9
Ethiopia,ETH,2016,54.51
Europe,,1990,1.12
Europe,,1991,0.04
Europe,,1992,1.99
Europe,,1993,2.48
Europe,,1994,2.68
Europe,,1995,3.05
Europe,,1996,4.04
Europe,,1997,4.16
Europe,,1998,5.16
Europe,,1999,5.54
Europe,,2000,6.12
Europe,,2001,5.51
Europe,,2002,6.37
Europe,,2003,5.87
Europe,,2004,7.28
Europe,,2005,7.73
Europe,,2006,9.28
Europe,,2007,10.73
Europe,,2008,11.02
Europe,,2009,10.82
Europe,,2010,10.53
Europe,,2011,12.21
Europe,,2012,10.24
Europe,,2013,10.01
Europe,,2014,11.26
Europe,,2015,9.33
Europe,,2016,8.85
Finland,FIN,1990,21.85
Finland,FIN,1991,41.16
Finland,FIN,1992,30.33
Finland,FIN,1993,26.94
Finland,FIN,1994,22.75
Finland,FIN,1995,29.11
Finland,FIN,1996,22.59
Finland,FIN,1997,25.31
Finland,FIN,1998,24.43
Finland,FIN,1999,22.41
Finland,FIN,2000,24.69
Finland,FIN,2001,22.94
Finland,FIN,2002,19.16
Finland,FIN,2003,20.25
Finland,FIN,2004,30.98
Finland,FIN,2005,41.48
Finland,FIN,2006,36.85
Finland,FIN,2007,41.51
Finland,FIN,2008,43.25
Finland,FIN,2009,32.33
Finland,FIN,2010,31.89
Finland,FIN,2011,35.12
Finland,FIN,2012,43.2
Finland,FIN,2013,36.4
Finland,FIN,2014,43.12
Finland,FIN,2015,50.1
Finland,FIN,2016,45.21
France,FRA,1990,21.35
France,FRA,1991,22.71
France,FRA,1992,21.26
France,FRA,1993,24.03
France,FRA,1994,26.27
France,FRA,1995,27.65
France,FRA,1996,25.25
France,FRA,1997,24.78
France,FRA,1998,24.73
France,FRA,1999,23.92
France,FRA,2000,25.82
France,FRA,2001,24.14
France,FRA,2002,25.87
France,FRA,2003,24.21
France,FRA,2004,29.62
France,FRA,2005,27.41
France,FRA,2006,28.04
France,FRA,2007,35.79
France,FRA,2008,34.74
France,FRA,2009,35.79
France,FRA,2010,32.05
France,FRA,2011,45.4
France,FRA,2012,30.74
France,FRA,2013,29.5
France,FRA,2014,34.25
France,FRA,2015,31.58
France,FRA,2016,30.76
Georgia,GEO,1990,-38.1
Georgia,GEO,1991,-28.7
Georgia,GEO,1992,-38.4
Georgia,GEO,1993,-18.99
Georgia,GEO,1994,-19.76
Georgia,GEO,1995,-4.18
Georgia,GEO,1996,122.7
Georgia,GEO,1997,58.05
Georgia,GEO,1998,50.87
Georgia,GEO,1999,33.25
Georgia,GEO,2000,19.53
Georgia,GEO,2001,37.22
Georgia,GEO,2002,41.78
Georgia,GEO,2003,45.72
Georgia,GEO,2004,49.67
Georgia,GEO,2005,46.76
Georgia,GEO,2006,41.7
Georgia,GEO,2007,48.2
Georgia,GEO,2008,71.65
Georgia,GEO,2009,26.46
Georgia,GEO,2010,31.15
Georgia,GEO,2011,17.38
Georgia,GEO,2012,23.77
Georgia,GEO,2013,31.56
Georgia,GEO,2014,24.45
Georgia,GEO,2015,56.27
Georgia,GEO,2016,55.11
Germany,DEU,1990,10.52
Germany,DEU,1991,13.69
Germany,DEU,1992,14.21
Germany,DEU,1993,15.87
Germany,DEU,1994,17.53
Germany,DEU,1995,19.44
Germany,DEU,1996,16.15
Germany,DEU,1997,15.76
Germany,DEU,1998,17.35
Germany,DEU,1999,18.18
Germany,DEU,2000,17.57
Germany,DEU,2001,15.76
Germany,DEU,2002,15.05
Germany,DEU,2003,18.04
Germany,DEU,2004,20.03
Germany,DEU,2005,20.41
Germany,DEU,2006,21.92
Germany,DEU,2007,19.59
Germany,DEU,2008,17.88
Germany,DEU,2009,18.88
Germany,DEU,2010,18.01
Germany,DEU,2011,20.69
Germany,DEU,2012,14.12
Germany,DEU,2013,11.72
Germany,DEU,2014,13.28
Germany,DEU,2015,11.14
Germany,DEU,2016,10.73
Ghana,GHA,1990,21.39
Ghana,GHA,1991,22.59
Ghana,GHA,1992,23.64
Ghana,GHA,1993,18.93
Ghana,GHA,1994,18.49
Ghana,GHA,1995,17.18
Ghana,GHA,1996,29.65
Ghana,GHA,1997,36.93
Ghana,GHA,1998,37.79
Ghana,GHA,1999,41.19
Ghana,GHA,2000,29.01
Ghana,GHA,2001,36.84
Ghana,GHA,2002,32.86
Ghana,GHA,2003,41.96
Ghana,GHA,2004,67.08
Ghana,GHA,2005,78.9
Ghana,GHA,2006,49
Ghana,GHA,2007,51.38
Ghana,GHA,2008,61.55
Ghana,GHA,2009,71.15
Ghana,GHA,2010,46.35
Ghana,GHA,2011,69.61
Ghana,GHA,2012,69.25
Ghana,GHA,2013,41.84
Ghana,GHA,2014,46.71
Ghana,GHA,2015,68.19
Ghana,GHA,2016,63.7
Greece,GRC,1990,16.05
Greece,GRC,1991,16.75
Greece,GRC,1992,12.27
Greece,GRC,1993,13.57
Greece,GRC,1994,13.46
Greece,GRC,1995,15.97
Greece,GRC,1996,11.82
Greece,GRC,1997,7.73
Greece,GRC,1998,11.49
Greece,GRC,1999,6.25
Greece,GRC,2000,6.61
Greece,GRC,2001,6.06
Greece,GRC,2002,8.76
Greece,GRC,2003,-9.14
Greece,GRC,2004,-12.59
Greece,GRC,2005,-15.01
Greece,GRC,2006,-10.3
Greece,GRC,2007,-13.69
Greece,GRC,2008,-10.61
Greece,GRC,2009,6.64
Greece,GRC,2010,0.63
Greece,GRC,2011,-7.17
Greece,GRC,2012,-9.87
Greece,GRC,2013,-10.92
Greece,GRC,2014,-12.12
Greece,GRC,2015,-13.64
Greece,GRC,2016,-11.24
Guatemala,GTM,1990,23.42
Guatemala,GTM,1991,30.28
Guatemala,GTM,1992,22.23
Guatemala,GTM,1993,26.13
Guatemala,GTM,1994,21.09
Guatemala,GTM,1995,21.61
Guatemala,GTM,1996,23.17
Guatemala,GTM,1997,29.3
Guatemala,GTM,1998,36.11
Guatemala,GTM,1999,35.85
Guatemala,GTM,2000,27.38
Guatemala,GTM,2001,32.44
Guatemala,GTM,2002,42.31
Guatemala,GTM,2003,25.33
Guatemala,GTM,2004,21.25
Guatemala,GTM,2005,24.31
Guatemala,GTM,2006,28.12
Guatemala,GTM,2007,28.44
Guatemala,GTM,2008,36.36
Guatemala,GTM,2009,27.88
Guatemala,GTM,2010,35.28
Guatemala,GTM,2011,42.79
Guatemala,GTM,2012,46.76
Guatemala,GTM,2013,35.92
Guatemala,GTM,2014,20.61
Guatemala,GTM,2015,32.64
Guatemala,GTM,2016,30.39
Guinea,GIN,1990,0
Guinea,GIN,1991,0
Guinea,GIN,1992,0
Guinea,GIN,1993,0
Guinea,GIN,1994,0
Guinea,GIN,1995,0
Guinea,GIN,1996,0
Guinea,GIN,1997,0
Guinea,GIN,1998,0
Guinea,GIN,1999,0
Guinea,GIN,2000,0
Guinea,GIN,2001,0
Guinea,GIN,2002,0
Guinea,GIN,2003,0
Guinea,GIN,2004,0
Guinea,GIN,2005,0
Guinea,GIN,2006,0
Guinea,GIN,2007,0
Guinea,GIN,2008,0
Guinea,GIN,2009,0
Guinea,GIN,2010,0
Guinea,GIN,2011,0
Guinea,GIN,2012,0
Guinea,GIN,2013,0
Guinea,GIN,2014,0
Guinea,GIN,2015,0
Guinea,GIN,2016,0
Honduras,HND,1990,15.72
Honduras,HND,1991,18.87
Honduras,HND,1992,13.76
Honduras,HND,1993,21.78
Honduras,HND,1994,20.24
Honduras,HND,1995,14.23
Honduras,HND,1996,22.74
Honduras,HND,1997,35.35
Honduras,HND,1998,38.94
Honduras,HND,1999,51.68
Honduras,HND,2000,53.49
Honduras,HND,2001,52.75
Honduras,HND,2002,63.12
Honduras,HND,2003,34.89
Honduras,HND,2004,22.47
Honduras,HND,2005,27.62
Honduras,HND,2006,30.92
Honduras,HND,2007,22.28
Honduras,HND,2008,22.38
Honduras,HND,2009,23.31
Honduras,HND,2010,24.12
Honduras,HND,2011,15.36
Honduras,HND,2012,29.9
Honduras,HND,2013,24.97
Honduras,HND,2014,24.79
Honduras,HND,2015,37.38
Honduras,HND,2016,34.73
Hong Kong,HKG,1990,186.28
Hong Kong,HKG,1991,198.05
Hong Kong,HKG,1992,173.84
Hong Kong,HKG,1993,185.63
Hong Kong,HKG,1994,258.63
Hong Kong,HKG,1995,287.18
Hong Kong,HKG,1996,312.93
Hong Kong,HKG,1997,346.16
Hong Kong,HKG,1998,201.06
Hong Kong,HKG,1999,141.83
Hong Kong,HKG,2000,162.6
Hong Kong,HKG,2001,192.87
Hong Kong,HKG,2002,146.2
Hong Kong,HKG,2003,112.22
Hong Kong,HKG,2004,97.74
Hong Kong,HKG,2005,104.43
Hong Kong,HKG,2006,121.86
Hong Kong,HKG,2007,81.41
Hong Kong,HKG,2008,105.3
Hong Kong,HKG,2009,103.38
Hong Kong,HKG,2010,126.22
Hong Kong,HKG,2011,87.71
Hong Kong,HKG,2012,169.28
Hong Kong,HKG,2013,180.7
Hong Kong,HKG,2014,180.02
Hong Kong,HKG,2015,188.46
Hong Kong,HKG,2016,178.69
Hungary,HUN,1990,19.85
Hungary,HUN,1991,27.13
Hungary,HUN,1992,21.95
Hungary,HUN,1993,22.98
Hungary,HUN,1994,24.27
Hungary,HUN,1995,24.04
Hungary,HUN,1996,17.47
Hungary,HUN,1997,18.32
Hungary,HUN,1998,20.07
Hungary,HUN,1999,17.57
Hungary,HUN,2000,20.79
Hungary,HUN,2001,22.7
Hungary,HUN,2002,30.6
Hungary,HUN,2003,33.63
Hungary,HUN,2004,30.45
Hungary,HUN,2005,29.28
Hungary,HUN,2006,39.8
Hungary,HUN,2007,39.2
Hungary,HUN,2008,40.58
Hungary,HUN,2009,33.03
Hungary,HUN,2010,34.35
Hungary,HUN,2011,36.97
Hungary,HUN,2012,36.27
Hungary,HUN,2013,43.94
Hungary,HUN,2014,41.76
Hungary,HUN,2015,35.53
Hungary,HUN,2016,34.48
India,IND,1990,-0.61
India,IND,1991,-1.11
India,IND,1992,-2.23
India,IND,1993,-2.92
India,IND,1994,-3.29
India,IND,1995,-4.89
India,IND,1996,-6.97
India,IND,1997,-5.53
India,IND,1998,-5.74
India,IND,1999,-4.55
India,IND,2000,-8.53
India,IND,2001,-7.65
India,IND,2002,-8.99
India,IND,2003,-7.2
India,IND,2004,-6.77
India,IND,2005,-8.94
India,IND,2006,-7.52
India,IND,2007,-7.07
India,IND,2008,-7.87
India,IND,2009,-5.08
India,IND,2010,-5.34
India,IND,2011,-6.85
India,IND,2012,-7.43
India,IND,2013,-9.71
India,IND,2014,-9.4
India,IND,2015,-8.25
India,IND,2016,-8.16
Indonesia,IDN,1990,1.13
Indonesia,IDN,1991,-0.47
Indonesia,IDN,1992,-3.22
Indonesia,IDN,1993,-3.14
Indonesia,IDN,1994,-2.04
Indonesia,IDN,1995,-0.78
Indonesia,IDN,1996,-1.62
Indonesia,IDN,1997,-2.33
Indonesia,IDN,1998,-11.62
Indonesia,IDN,1999,-0.15
Indonesia,IDN,2000,-0.91
Indonesia,IDN,2001,-2.7
Indonesia,IDN,2002,-0.93
Indonesia,IDN,2003,-1.37
Indonesia,IDN,2004,-2.23
Indonesia,IDN,2005,-1.96
Indonesia,IDN,2006,-2.21
Indonesia,IDN,2007,-2.67
Indonesia,IDN,2008,-1.13
Indonesia,IDN,2009,-0.21
Indonesia,IDN,2010,1.61
Indonesia,IDN,2011,-2.27
Indonesia,IDN,2012,-0.33
Indonesia,IDN,2013,4.95
Indonesia,IDN,2014,7.29
Indonesia,IDN,2015,7.55
Indonesia,IDN,2016,7.88
Iran,IRN,1990,-14.29
Iran,IRN,1991,-14.57
Iran,IRN,1992,-14.73
Iran,IRN,1993,-16.42
Iran,IRN,1994,-17.78
Iran,IRN,1995,-16.02
Iran,IRN,1996,-12.05
Iran,IRN,1997,-7.62
Iran,IRN,1998,-8.92
Iran,IRN,1999,-24.6
Iran,IRN,2000,-23.69
Iran,IRN,2001,-20.36
Iran,IRN,2002,-17.23
Iran,IRN,2003,-4.69
Iran,IRN,2004,-5.39
Iran,IRN,2005,-5.23
Iran,IRN,2006,-6.47
Iran,IRN,2007,-1.9
Iran,IRN,2008,-4.3
Iran,IRN,2009,-6.72
Iran,IRN,2010,-4.16
Iran,IRN,2011,-4.4
Iran,IRN,2012,-5.31
Iran,IRN,2013,-5.07
Iran,IRN,2014,-5.54
Iran,IRN,2015,-7.53
Iran,IRN,2016,-11.26
Ireland,IRL,1990,24.67
Ireland,IRL,1991,25.12
Ireland,IRL,1992,22.11
Ireland,IRL,1993,21.72
Ireland,IRL,1994,19.94
Ireland,IRL,1995,19.97
Ireland,IRL,1996,31.94
Ireland,IRL,1997,27.25
Ireland,IRL,1998,22.12
Ireland,IRL,1999,26.5
Ireland,IRL,2000,21.42
Ireland,IRL,2001,16.04
Ireland,IRL,2002,21.45
Ireland,IRL,2003,34.82
Ireland,IRL,2004,40.55
Ireland,IRL,2005,41.46
Ireland,IRL,2006,41.53
Ireland,IRL,2007,40.23
Ireland,IRL,2008,28.79
Ireland,IRL,2009,21.16
Ireland,IRL,2010,15.4
Ireland,IRL,2011,20.81
Ireland,IRL,2012,17.4
Ireland,IRL,2013,19.8
Ireland,IRL,2014,18.8
Ireland,IRL,2015,9.2
Ireland,IRL,2016,8.14
Israel,ISR,1990,33.78
Israel,ISR,1991,36.68
Israel,ISR,1992,27.97
Israel,ISR,1993,27.09
Israel,ISR,1994,26.1
Israel,ISR,1995,27.16
Israel,ISR,1996,27.4
Israel,ISR,1997,25.48
Israel,ISR,1998,27.32
Israel,ISR,1999,16.65
Israel,ISR,2000,10.83
Israel,ISR,2001,11.17
Israel,ISR,2002,14.35
Israel,ISR,2003,24.1
Israel,ISR,2004,26.89
Israel,ISR,2005,29.65
Israel,ISR,2006,25.39
Israel,ISR,2007,25.3
Israel,ISR,2008,20.79
Israel,ISR,2009,20.82
Israel,ISR,2010,21.21
Israel,ISR,2011,21.44
Israel,ISR,2012,20.82
Israel,ISR,2013,25.27
Israel,ISR,2014,28.33
Israel,ISR,2015,25.42
Israel,ISR,2016,25.87
Italy,ITA,1990,26.38
Italy,ITA,1991,30.31
Italy,ITA,1992,25.06
Italy,ITA,1993,24.89
Italy,ITA,1994,26.41
Italy,ITA,1995,25.83
Italy,ITA,1996,20.86
Italy,ITA,1997,21.77
Italy,ITA,1998,21.48
Italy,ITA,1999,21.86
Italy,ITA,2000,23.05
Italy,ITA,2001,21.06
Italy,ITA,2002,22.83
Italy,ITA,2003,19.36
Italy,ITA,2004,22.74
Italy,ITA,2005,21.9
Italy,ITA,2006,27.16
Italy,ITA,2007,28.02
Italy,ITA,2008,30.11
Italy,ITA,2009,32.16
Italy,ITA,2010,34.56
Italy,ITA,2011,37.04
Italy,ITA,2012,30.6
Italy,ITA,2013,32.61
Italy,ITA,2014,34.72
Italy,ITA,2015,29.86
Italy,ITA,2016,30.32
Jamaica,JAM,1990,-8.02
Jamaica,JAM,1991,-9.4
Jamaica,JAM,1992,-13.21
Jamaica,JAM,1993,-6.43
Jamaica,JAM,1994,-10.63
Jamaica,JAM,1995,-8.55
Jamaica,JAM,1996,-23.86
Jamaica,JAM,1997,-20.33
Jamaica,JAM,1998,1.12
Jamaica,JAM,1999,-3
Jamaica,JAM,2000,-22.81
Jamaica,JAM,2001,-3.34
Jamaica,JAM,2002,-15.7
Jamaica,JAM,2003,-6.02
Jamaica,JAM,2004,-7.71
Jamaica,JAM,2005,0.56
Jamaica,JAM,2006,1.17
Jamaica,JAM,2007,6.55
Jamaica,JAM,2008,3.1
Jamaica,JAM,2009,1.48
Jamaica,JAM,2010,4.03
Jamaica,JAM,2011,9.12
Jamaica,JAM,2012,17.31
Jamaica,JAM,2013,8.92
Jamaica,JAM,2014,12.73
Jamaica,JAM,2015,37.56
Jamaica,JAM,2016,35.45
Japan,JPN,1990,13.3
Japan,JPN,1991,15.88
Japan,JPN,1992,15.51
Japan,JPN,1993,17.68
Japan,JPN,1994,18.5
Japan,JPN,1995,20.55
Japan,JPN,1996,19.86
Japan,JPN,1997,19.26
Japan,JPN,1998,15.96
Japan,JPN,1999,17.69
Japan,JPN,2000,19.76
Japan,JPN,2001,18.63
Japan,JPN,2002,16.76
Japan,JPN,2003,17
Japan,JPN,2004,16.89
Japan,JPN,2005,16.73
Japan,JPN,2006,17.31
Japan,JPN,2007,15.85
Japan,JPN,2008,19.11
Japan,JPN,2009,17.2
Japan,JPN,2010,17.03
Japan,JPN,2011,18.87
Japan,JPN,2012,18.49
Japan,JPN,2013,16.57
Japan,JPN,2014,17.46
Japan,JPN,2015,17.06
Japan,JPN,2016,17.27
Jordan,JOR,1990,64.28
Jordan,JOR,1991,59.66
Jordan,JOR,1992,34.81
Jordan,JOR,1993,37.57
Jordan,JOR,1994,35.07
Jordan,JOR,1995,39.47
Jordan,JOR,1996,11.55
Jordan,JOR,1997,28.54
Jordan,JOR,1998,31.52
Jordan,JOR,1999,21.89
Jordan,JOR,2000,11.66
Jordan,JOR,2001,29.13
Jordan,JOR,2002,31.69
Jordan,JOR,2003,28.7
Jordan,JOR,2004,28.92
Jordan,JOR,2005,28.91
Jordan,JOR,2006,24
Jordan,JOR,2007,20.48
Jordan,JOR,2008,38.87
Jordan,JOR,2009,46.3
Jordan,JOR,2010,33.46
Jordan,JOR,2011,32.34
Jordan,JOR,2012,17.73
Jordan,JOR,2013,41.49
Jordan,JOR,2014,35.08
Jordan,JOR,2015,41.57
Jordan,JOR,2016,45.8
KP Annex B,,1990,1.78
KP Annex B,,1991,1.47
KP Annex B,,1992,2.14
KP Annex B,,1993,2.54
KP Annex B,,1994,2.78
KP Annex B,,1995,3.04
KP Annex B,,1996,3.08
KP Annex B,,1997,3.3
KP Annex B,,1998,3.95
KP Annex B,,1999,5.02
KP Annex B,,2000,5.76
KP Annex B,,2001,5.39
KP Annex B,,2002,6.26
KP Annex B,,2003,5.87
KP Annex B,,2004,7.06
KP Annex B,,2005,7.46
KP Annex B,,2006,8.88
KP Annex B,,2007,9
KP Annex B,,2008,9.03
KP Annex B,,2009,8.73
KP Annex B,,2010,8.78
KP Annex B,,2011,10.41
KP Annex B,,2012,9.68
KP Annex B,,2013,9.03
KP Annex B,,2014,9.57
KP Annex B,,2015,8.35
KP Annex B,,2016,8.21
Kazakhstan,KAZ,1990,-34.46
Kazakhstan,KAZ,1991,-35.13
Kazakhstan,KAZ,1992,-31.63
Kazakhstan,KAZ,1993,-40.62
Kazakhstan,KAZ,1994,-38.11
Kazakhstan,KAZ,1995,-48.51
Kazakhstan,KAZ,1996,-53.54
Kazakhstan,KAZ,1997,-55.59
Kazakhstan,KAZ,1998,-52.31
Kazakhstan,KAZ,1999,-31.05
Kazakhstan,KAZ,2000,-35.8
Kazakhstan,KAZ,2001,-29.13
Kazakhstan,KAZ,2002,-33.38
Kazakhstan,KAZ,2003,-36.21
Kazakhstan,KAZ,2004,-35.09
Kazakhstan,KAZ,2005,-28.66
Kazakhstan,KAZ,2006,-20.17
Kazakhstan,KAZ,2007,-18.75
Kazakhstan,KAZ,2008,-18.74
Kazakhstan,KAZ,2009,-27.66
Kazakhstan,KAZ,2010,-36.79
Kazakhstan,KAZ,2011,-31.52
Kazakhstan,KAZ,2012,-23.28
Kazakhstan,KAZ,2013,-19.29
Kazakhstan,KAZ,2014,-18.58
Kazakhstan,KAZ,2015,-17.34
Kazakhstan,KAZ,2016,-16.51
Kenya,KEN,1990,36.73
Kenya,KEN,1991,53.35
Kenya,KEN,1992,45.33
Kenya,KEN,1993,39.36
Kenya,KEN,1994,45.36
Kenya,KEN,1995,40.99
Kenya,KEN,1996,2.22
Kenya,KEN,1997,16.18
Kenya,KEN,1998,36.14
Kenya,KEN,1999,17.99
Kenya,KEN,2000,-0.92
Kenya,KEN,2001,15
Kenya,KEN,2002,-5.58
Kenya,KEN,2003,44.51
Kenya,KEN,2004,44.38
Kenya,KEN,2005,46.31
Kenya,KEN,2006,48.42
Kenya,KEN,2007,49.33
Kenya,KEN,2008,50
Kenya,KEN,2009,54.52
Kenya,KEN,2010,50.38
Kenya,KEN,2011,49.83
Kenya,KEN,2012,61
Kenya,KEN,2013,76.2
Kenya,KEN,2014,71.89
Kenya,KEN,2015,80.52
Kenya,KEN,2016,76.68
Kuwait,KWT,1990,-9.86
Kuwait,KWT,1991,77.48
Kuwait,KWT,1992,17.29
Kuwait,KWT,1993,0.01
Kuwait,KWT,1994,-3.94
Kuwait,KWT,1995,-12.33
Kuwait,KWT,1996,-19.3
Kuwait,KWT,1997,-19.58
Kuwait,KWT,1998,-1.37
Kuwait,KWT,1999,-26.56
Kuwait,KWT,2000,-53.51
Kuwait,KWT,2001,-46.69
Kuwait,KWT,2002,-43.48
Kuwait,KWT,2003,-21.47
Kuwait,KWT,2004,-21.07
Kuwait,KWT,2005,-20.1
Kuwait,KWT,2006,-15.3
Kuwait,KWT,2007,-8.6
Kuwait,KWT,2008,-9.17
Kuwait,KWT,2009,-18.78
Kuwait,KWT,2010,-15.64
Kuwait,KWT,2011,-16.47
Kuwait,KWT,2012,-21.41
Kuwait,KWT,2013,-12.43
Kuwait,KWT,2014,-11.2
Kuwait,KWT,2015,-12.35
Kuwait,KWT,2016,-11.41
Kyrgyzstan,KGZ,1990,10.64
Kyrgyzstan,KGZ,1991,21.48
Kyrgyzstan,KGZ,1992,31.69
Kyrgyzstan,KGZ,1993,34.16
Kyrgyzstan,KGZ,1994,53.72
Kyrgyzstan,KGZ,1995,119.63
Kyrgyzstan,KGZ,1996,47.25
Kyrgyzstan,KGZ,1997,-8.11
Kyrgyzstan,KGZ,1998,73.27
Kyrgyzstan,KGZ,1999,18.21
Kyrgyzstan,KGZ,2000,1.7
Kyrgyzstan,KGZ,2001,1.71
Kyrgyzstan,KGZ,2002,-6.82
Kyrgyzstan,KGZ,2003,6.92
Kyrgyzstan,KGZ,2004,9.82
Kyrgyzstan,KGZ,2005,35.97
Kyrgyzstan,KGZ,2006,80.6
Kyrgyzstan,KGZ,2007,10.76
Kyrgyzstan,KGZ,2008,2.67
Kyrgyzstan,KGZ,2009,92.5
Kyrgyzstan,KGZ,2010,88.68
Kyrgyzstan,KGZ,2011,71.73
Kyrgyzstan,KGZ,2012,60.42
Kyrgyzstan,KGZ,2013,68.13
Kyrgyzstan,KGZ,2014,73.88
Kyrgyzstan,KGZ,2015,88.5
Kyrgyzstan,KGZ,2016,87.46
Laos,LAO,1990,146.94
Laos,LAO,1991,149.34
Laos,LAO,1992,147.58
Laos,LAO,1993,167.4
Laos,LAO,1994,176.93
Laos,LAO,1995,159.75
Laos,LAO,1996,106.44
Laos,LAO,1997,66.61
Laos,LAO,1998,63.71
Laos,LAO,1999,31.87
Laos,LAO,2000,89.86
Laos,LAO,2001,61.22
Laos,LAO,2002,51.24
Laos,LAO,2003,42.58
Laos,LAO,2004,28.55
Laos,LAO,2005,25.95
Laos,LAO,2006,44.41
Laos,LAO,2007,135.96
Laos,LAO,2008,162.51
Laos,LAO,2009,142.83
Laos,LAO,2010,115.94
Laos,LAO,2011,172.24
Laos,LAO,2012,202.29
Laos,LAO,2013,316.93
Laos,LAO,2014,271.42
Laos,LAO,2015,259.39
Laos,LAO,2016,237.16
Latvia,LVA,1990,15.37
Latvia,LVA,1991,24.97
Latvia,LVA,1992,13.9
Latvia,LVA,1993,20.12
Latvia,LVA,1994,28.05
Latvia,LVA,1995,33.82
Latvia,LVA,1996,51.7
Latvia,LVA,1997,62.24
Latvia,LVA,1998,62.18
Latvia,LVA,1999,45.66
Latvia,LVA,2000,55.49
Latvia,LVA,2001,51.88
Latvia,LVA,2002,46.48
Latvia,LVA,2003,83.95
Latvia,LVA,2004,82.19
Latvia,LVA,2005,61.01
Latvia,LVA,2006,74.65
Latvia,LVA,2007,85.39
Latvia,LVA,2008,86.57
Latvia,LVA,2009,76.34
Latvia,LVA,2010,52.26
Latvia,LVA,2011,62.13
Latvia,LVA,2012,74.54
Latvia,LVA,2013,73.94
Latvia,LVA,2014,73.89
Latvia,LVA,2015,71.55
Latvia,LVA,2016,75.48
Lithuania,LTU,1990,19.24
Lithuania,LTU,1991,36.57
Lithuania,LTU,1992,64.38
Lithuania,LTU,1993,51.76
Lithuania,LTU,1994,67.08
Lithuania,LTU,1995,79.29
Lithuania,LTU,1996,51.29
Lithuania,LTU,1997,48.09
Lithuania,LTU,1998,32.75
Lithuania,LTU,1999,37.1
Lithuania,LTU,2000,42.02
Lithuania,LTU,2001,36.98
Lithuania,LTU,2002,65.95
Lithuania,LTU,2003,60.75
Lithuania,LTU,2004,55.1
Lithuania,LTU,2005,48.69
Lithuania,LTU,2006,64.12
Lithuania,LTU,2007,58.65
Lithuania,LTU,2008,58.87
Lithuania,LTU,2009,62.25
Lithuania,LTU,2010,53.01
Lithuania,LTU,2011,69.58
Lithuania,LTU,2012,58.83
Lithuania,LTU,2013,69.85
Lithuania,LTU,2014,71.16
Lithuania,LTU,2015,71.31
Lithuania,LTU,2016,74.18
Luxembourg,LUX,1990,0
Luxembourg,LUX,1991,0
Luxembourg,LUX,1992,0
Luxembourg,LUX,1993,0
Luxembourg,LUX,1994,0
Luxembourg,LUX,1995,0
Luxembourg,LUX,1996,0
Luxembourg,LUX,1997,0
Luxembourg,LUX,1998,0
Luxembourg,LUX,1999,-1.75
Luxembourg,LUX,2000,-17.24
Luxembourg,LUX,2001,-15.76
Luxembourg,LUX,2002,-15.42
Luxembourg,LUX,2003,-1.11
Luxembourg,LUX,2004,6.26
Luxembourg,LUX,2005,14.09
Luxembourg,LUX,2006,39.66
Luxembourg,LUX,2007,-3.35
Luxembourg,LUX,2008,118.59
Luxembourg,LUX,2009,140.63
Luxembourg,LUX,2010,120.33
Luxembourg,LUX,2011,-6.16
Luxembourg,LUX,2012,119.34
Luxembourg,LUX,2013,130.23
Luxembourg,LUX,2014,134.12
Luxembourg,LUX,2015,153.98
Luxembourg,LUX,2016,163.46
Madagascar,MDG,1990,47.48
Madagascar,MDG,1991,45.02
Madagascar,MDG,1992,47.52
Madagascar,MDG,1993,51.39
Madagascar,MDG,1994,42.81
Madagascar,MDG,1995,46.62
Madagascar,MDG,1996,18.54
Madagascar,MDG,1997,16.03
Madagascar,MDG,1998,39.49
Madagascar,MDG,1999,46.98
Madagascar,MDG,2000,25.39
Madagascar,MDG,2001,36.12
Madagascar,MDG,2002,35.88
Madagascar,MDG,2003,77.71
Madagascar,MDG,2004,45
Madagascar,MDG,2005,88.68
Madagascar,MDG,2006,64.07
Madagascar,MDG,2007,69.39
Madagascar,MDG,2008,101.93
Madagascar,MDG,2009,111.26
Madagascar,MDG,2010,76.01
Madagascar,MDG,2011,57.55
Madagascar,MDG,2012,56.14
Madagascar,MDG,2013,51.72
Madagascar,MDG,2014,53.67
Madagascar,MDG,2015,67.38
Madagascar,MDG,2016,66.76
Malawi,MWI,1990,112.12
Malawi,MWI,1991,108.64
Malawi,MWI,1992,108.85
Malawi,MWI,1993,110.27
Malawi,MWI,1994,112.37
Malawi,MWI,1995,123.89
Malawi,MWI,1996,147.21
Malawi,MWI,1997,145.56
Malawi,MWI,1998,147.9
Malawi,MWI,1999,147.92
Malawi,MWI,2000,142.23
Malawi,MWI,2001,131.93
Malawi,MWI,2002,167.33
Malawi,MWI,2003,139.44
Malawi,MWI,2004,121.39
Malawi,MWI,2005,144.2
Malawi,MWI,2006,126.02
Malawi,MWI,2007,124.28
Malawi,MWI,2008,132.66
Malawi,MWI,2009,190.08
Malawi,MWI,2010,160.3
Malawi,MWI,2011,125.36
Malawi,MWI,2012,102.41
Malawi,MWI,2013,161.84
Malawi,MWI,2014,161.12
Malawi,MWI,2015,140.29
Malawi,MWI,2016,135.57
Malaysia,MYS,1990,13.42
Malaysia,MYS,1991,7.46
Malaysia,MYS,1992,2.32
Malaysia,MYS,1993,-3.52
Malaysia,MYS,1994,-3.7
Malaysia,MYS,1995,-12.84
Malaysia,MYS,1996,-12.1
Malaysia,MYS,1997,-4.89
Malaysia,MYS,1998,-22.22
Malaysia,MYS,1999,-8.64
Malaysia,MYS,2000,-9.85
Malaysia,MYS,2001,-12.03
Malaysia,MYS,2002,-3.72
Malaysia,MYS,2003,-12.56
Malaysia,MYS,2004,-12.15
Malaysia,MYS,2005,-13.25
Malaysia,MYS,2006,-9.6
Malaysia,MYS,2007,-12.56
Malaysia,MYS,2008,-11.1
Malaysia,MYS,2009,-11.57
Malaysia,MYS,2010,-10.41
Malaysia,MYS,2011,-7.34
Malaysia,MYS,2012,-0.17
Malaysia,MYS,2013,3.02
Malaysia,MYS,2014,3.11
Malaysia,MYS,2015,2.06
Malaysia,MYS,2016,1.73
Malta,MLT,1990,37.79
Malta,MLT,1991,37.44
Malta,MLT,1992,28.36
Malta,MLT,1993,30.94
Malta,MLT,1994,29.96
Malta,MLT,1995,34.91
Malta,MLT,1996,37.68
Malta,MLT,1997,29.57
Malta,MLT,1998,74.74
Malta,MLT,1999,45.57
Malta,MLT,2000,61.14
Malta,MLT,2001,84.3
Malta,MLT,2002,45.2
Malta,MLT,2003,90.68
Malta,MLT,2004,23.85
Malta,MLT,2005,62
Malta,MLT,2006,84.41
Malta,MLT,2007,24.74
Malta,MLT,2008,87.41
Malta,MLT,2009,108.08
Malta,MLT,2010,91.53
Malta,MLT,2011,113.31
Malta,MLT,2012,140.18
Malta,MLT,2013,109.47
Malta,MLT,2014,112.98
Malta,MLT,2015,178.16
Malta,MLT,2016,235.4
Mauritius,MUS,1990,89.12
Mauritius,MUS,1991,90.9
Mauritius,MUS,1992,79.3
Mauritius,MUS,1993,86.21
Mauritius,MUS,1994,103.54
Mauritius,MUS,1995,101.06
Mauritius,MUS,1996,111.85
Mauritius,MUS,1997,108.85
Mauritius,MUS,1998,83.91
Mauritius,MUS,1999,75.43
Mauritius,MUS,2000,71.39
Mauritius,MUS,2001,53.27
Mauritius,MUS,2002,58.16
Mauritius,MUS,2003,59.13
Mauritius,MUS,2004,63.21
Mauritius,MUS,2005,42.59
Mauritius,MUS,2006,41.26
Mauritius,MUS,2007,34.16
Mauritius,MUS,2008,38.41
Mauritius,MUS,2009,38.27
Mauritius,MUS,2010,28.14
Mauritius,MUS,2011,39.41
Mauritius,MUS,2012,33.12
Mauritius,MUS,2013,32.04
Mauritius,MUS,2014,28.78
Mauritius,MUS,2015,66.65
Mauritius,MUS,2016,67.37
Mexico,MEX,1990,-0.57
Mexico,MEX,1991,-0.38
Mexico,MEX,1992,0.01
Mexico,MEX,1993,-0.45
Mexico,MEX,1994,-0.34
Mexico,MEX,1995,-2.18
Mexico,MEX,1996,-0.74
Mexico,MEX,1997,2.33
Mexico,MEX,1998,3.96
Mexico,MEX,1999,3.47
Mexico,MEX,2000,6.5
Mexico,MEX,2001,4.69
Mexico,MEX,2002,5.56
Mexico,MEX,2003,6.2
Mexico,MEX,2004,4.57
Mexico,MEX,2005,6.6
Mexico,MEX,2006,6.92
Mexico,MEX,2007,2.85
Mexico,MEX,2008,3.4
Mexico,MEX,2009,4.95
Mexico,MEX,2010,6.46
Mexico,MEX,2011,4.33
Mexico,MEX,2012,8.41
Mexico,MEX,2013,9.69
Mexico,MEX,2014,10.18
Mexico,MEX,2015,8.02
Mexico,MEX,2016,5.09
Middle East,,1990,-0.42
Middle East,,1991,0.11
Middle East,,1992,-3.12
Middle East,,1993,-4.77
Middle East,,1994,-5.62
Middle East,,1995,-3.66
Middle East,,1996,-5.69
Middle East,,1997,-4.12
Middle East,,1998,-2.21
Middle East,,1999,-21.04
Middle East,,2000,-22.73
Middle East,,2001,-20.93
Middle East,,2002,-19.11
Middle East,,2003,-5.85
Middle East,,2004,-4.58
Middle East,,2005,-2.63
Middle East,,2006,-1.98
Middle East,,2007,3.23
Middle East,,2008,3.31
Middle East,,2009,-0.42
Middle East,,2010,1.47
Middle East,,2011,1.31
Middle East,,2012,-1
Middle East,,2013,2.49
Middle East,,2014,1.37
Middle East,,2015,0.08
Middle East,,2016,-1.13
Mongolia,MNG,1990,-8.61
Mongolia,MNG,1991,-8.26
Mongolia,MNG,1992,-17.56
Mongolia,MNG,1993,-21.49
Mongolia,MNG,1994,-17.35
Mongolia,MNG,1995,-13.51
Mongolia,MNG,1996,-2.39
Mongolia,MNG,1997,-10.43
Mongolia,MNG,1998,-10.98
Mongolia,MNG,1999,-10.68
Mongolia,MNG,2000,-8.06
Mongolia,MNG,2001,-10.92
Mongolia,MNG,2002,-10.87
Mongolia,MNG,2003,2.34
Mongolia,MNG,2004,-1.4
Mongolia,MNG,2005,1.31
Mongolia,MNG,2006,6.35
Mongolia,MNG,2007,1.89
Mongolia,MNG,2008,7.56
Mongolia,MNG,2009,3.3
Mongolia,MNG,2010,6.17
Mongolia,MNG,2011,9.7
Mongolia,MNG,2012,6.27
Mongolia,MNG,2013,-2.68
Mongolia,MNG,2014,2.45
Mongolia,MNG,2015,2.1
Mongolia,MNG,2016,-8.35
Morocco,MAR,1990,38.89
Morocco,MAR,1991,40.48
Morocco,MAR,1992,30.16
Morocco,MAR,1993,27.34
Morocco,MAR,1994,27.51
Morocco,MAR,1995,28.4
Morocco,MAR,1996,14.41
Morocco,MAR,1997,8.51
Morocco,MAR,1998,17.02
Morocco,MAR,1999,20.66
Morocco,MAR,2000,20.98
Morocco,MAR,2001,16.49
Morocco,MAR,2002,25.38
Morocco,MAR,2003,12.33
Morocco,MAR,2004,10.21
Morocco,MAR,2005,10.33
Morocco,MAR,2006,11.38
Morocco,MAR,2007,10.32
Morocco,MAR,2008,15.83
Morocco,MAR,2009,11.1
Morocco,MAR,2010,9.55
Morocco,MAR,2011,11.26
Morocco,MAR,2012,7.68
Morocco,MAR,2013,9.05
Morocco,MAR,2014,8.07
Morocco,MAR,2015,5.94
Morocco,MAR,2016,5.2
Mozambique,MOZ,1990,234.64
Mozambique,MOZ,1991,239.04
Mozambique,MOZ,1992,238.06
Mozambique,MOZ,1993,251.28
Mozambique,MOZ,1994,263.97
Mozambique,MOZ,1995,280.05
Mozambique,MOZ,1996,156.99
Mozambique,MOZ,1997,79.13
Mozambique,MOZ,1998,207.79
Mozambique,MOZ,1999,296.14
Mozambique,MOZ,2000,270.17
Mozambique,MOZ,2001,187.45
Mozambique,MOZ,2002,193.14
Mozambique,MOZ,2003,149.05
Mozambique,MOZ,2004,140.92
Mozambique,MOZ,2005,189.43
Mozambique,MOZ,2006,231.25
Mozambique,MOZ,2007,231.9
Mozambique,MOZ,2008,266.8
Mozambique,MOZ,2009,292.56
Mozambique,MOZ,2010,240.15
Mozambique,MOZ,2011,224.87
Mozambique,MOZ,2012,261.57
Mozambique,MOZ,2013,240.56
Mozambique,MOZ,2014,110.06
Mozambique,MOZ,2015,108.94
Mozambique,MOZ,2016,101.13
Namibia,NAM,1990,0
Namibia,NAM,1991,0
Namibia,NAM,1992,0
Namibia,NAM,1993,0
Namibia,NAM,1994,0
Namibia,NAM,1995,0
Namibia,NAM,1996,0
Namibia,NAM,1997,0
Namibia,NAM,1998,0
Namibia,NAM,1999,0
Namibia,NAM,2000,261.57
Namibia,NAM,2001,221.07
Namibia,NAM,2002,-16.43
Namibia,NAM,2003,156.47
Namibia,NAM,2004,219.6
Namibia,NAM,2005,161.85
Namibia,NAM,2006,153.08
Namibia,NAM,2007,185.78
Namibia,NAM,2008,130.68
Namibia,NAM,2009,47.27
Namibia,NAM,2010,38.66
Namibia,NAM,2011,45.24
Namibia,NAM,2012,58.93
Namibia,NAM,2013,207.64
Namibia,NAM,2014,150.67
Namibia,NAM,2015,154.41
Namibia,NAM,2016,153
Nepal,NPL,1990,69.28
Nepal,NPL,1991,50.09
Nepal,NPL,1992,34.79
Nepal,NPL,1993,34.5
Nepal,NPL,1994,32.56
Nepal,NPL,1995,28.26
Nepal,NPL,1996,22.19
Nepal,NPL,1997,15.12
Nepal,NPL,1998,92.04
Nepal,NPL,1999,102.47
Nepal,NPL,2000,29.91
Nepal,NPL,2001,26.33
Nepal,NPL,2002,49.43
Nepal,NPL,2003,81.71
Nepal,NPL,2004,64.62
Nepal,NPL,2005,51.66
Nepal,NPL,2006,69.39
Nepal,NPL,2007,80.73
Nepal,NPL,2008,62.75
Nepal,NPL,2009,84.19
Nepal,NPL,2010,97.47
Nepal,NPL,2011,94.65
Nepal,NPL,2012,86.74
Nepal,NPL,2013,103.37
Nepal,NPL,2014,85.99
Nepal,NPL,2015,80.67
Nepal,NPL,2016,72.64
Netherlands,NLD,1990,28.52
Netherlands,NLD,1991,28.99
Netherlands,NLD,1992,25.46
Netherlands,NLD,1993,26.37
Netherlands,NLD,1994,26.69
Netherlands,NLD,1995,29.28
Netherlands,NLD,1996,21.31
Netherlands,NLD,1997,22.64
Netherlands,NLD,1998,25.91
Netherlands,NLD,1999,14.84
Netherlands,NLD,2000,14.73
Netherlands,NLD,2001,9.52
Netherlands,NLD,2002,13.24
Netherlands,NLD,2003,6.87
Netherlands,NLD,2004,6.19
Netherlands,NLD,2005,8.77
Netherlands,NLD,2006,23.09
Netherlands,NLD,2007,2.53
Netherlands,NLD,2008,2.91
Netherlands,NLD,2009,4.07
Netherlands,NLD,2010,0.4
Netherlands,NLD,2011,0.45
Netherlands,NLD,2012,-0.05
Netherlands,NLD,2013,-1.88
Netherlands,NLD,2014,-0.01
Netherlands,NLD,2015,-6.32
Netherlands,NLD,2016,-8.01
New Zealand,NZL,1990,5.69
New Zealand,NZL,1991,4.41
New Zealand,NZL,1992,3.02
New Zealand,NZL,1993,5.31
New Zealand,NZL,1994,6.41
New Zealand,NZL,1995,9.27
New Zealand,NZL,1996,10.27
New Zealand,NZL,1997,8.98
New Zealand,NZL,1998,5.82
New Zealand,NZL,1999,14.87
New Zealand,NZL,2000,9.88
New Zealand,NZL,2001,6.42
New Zealand,NZL,2002,8.45
New Zealand,NZL,2003,5.87
New Zealand,NZL,2004,11.11
New Zealand,NZL,2005,10.59
New Zealand,NZL,2006,5.49
New Zealand,NZL,2007,10.19
New Zealand,NZL,2008,11.12
New Zealand,NZL,2009,4.88
New Zealand,NZL,2010,6.12
New Zealand,NZL,2011,12.24
New Zealand,NZL,2012,9.75
New Zealand,NZL,2013,12.39
New Zealand,NZL,2014,12.84
New Zealand,NZL,2015,11.23
New Zealand,NZL,2016,13.93
Nicaragua,NIC,1990,17.82
Nicaragua,NIC,1991,27.23
Nicaragua,NIC,1992,21.86
Nicaragua,NIC,1993,23.55
Nicaragua,NIC,1994,22.05
Nicaragua,NIC,1995,19.65
Nicaragua,NIC,1996,16.94
Nicaragua,NIC,1997,20.76
Nicaragua,NIC,1998,22.25
Nicaragua,NIC,1999,22.14
Nicaragua,NIC,2000,20.6
Nicaragua,NIC,2001,21.84
Nicaragua,NIC,2002,24.64
Nicaragua,NIC,2003,27.53
Nicaragua,NIC,2004,23.71
Nicaragua,NIC,2005,29.17
Nicaragua,NIC,2006,28.08
Nicaragua,NIC,2007,30.66
Nicaragua,NIC,2008,26.05
Nicaragua,NIC,2009,28.95
Nicaragua,NIC,2010,31.31
Nicaragua,NIC,2011,29.73
Nicaragua,NIC,2012,42.09
Nicaragua,NIC,2013,32.41
Nicaragua,NIC,2014,30.65
Nicaragua,NIC,2015,38.14
Nicaragua,NIC,2016,36.13
Nigeria,NGA,1990,-15.62
Nigeria,NGA,1991,-13.11
Nigeria,NGA,1992,-8.53
Nigeria,NGA,1993,-8.05
Nigeria,NGA,1994,-2.36
Nigeria,NGA,1995,-0.19
Nigeria,NGA,1996,0.97
Nigeria,NGA,1997,12.12
Nigeria,NGA,1998,10.23
Nigeria,NGA,1999,-16.19
Nigeria,NGA,2000,-26.17
Nigeria,NGA,2001,-9.43
Nigeria,NGA,2002,-15.07
Nigeria,NGA,2003,-11.78
Nigeria,NGA,2004,-12.71
Nigeria,NGA,2005,-13.3
Nigeria,NGA,2006,-36.57
Nigeria,NGA,2007,-9.04
Nigeria,NGA,2008,-13.45
Nigeria,NGA,2009,10.02
Nigeria,NGA,2010,-12.18
Nigeria,NGA,2011,-15.2
Nigeria,NGA,2012,-19.85
Nigeria,NGA,2013,-1.76
Nigeria,NGA,2014,-6.49
Nigeria,NGA,2015,18.77
Nigeria,NGA,2016,23.46
Non KP Annex B,,1990,-3.61
Non KP Annex B,,1991,-2.64
Non KP Annex B,,1992,-3.82
Non KP Annex B,,1993,-4.26
Non KP Annex B,,1994,-4.46
Non KP Annex B,,1995,-4.69
Non KP Annex B,,1996,-4.64
Non KP Annex B,,1997,-4.82
Non KP Annex B,,1998,-5.83
Non KP Annex B,,1999,-7.29
Non KP Annex B,,2000,-8.1
Non KP Annex B,,2001,-7.46
Non KP Annex B,,2002,-8.28
Non KP Annex B,,2003,-7.21
Non KP Annex B,,2004,-8.03
Non KP Annex B,,2005,-7.95
Non KP Annex B,,2006,-8.85
Non KP Annex B,,2007,-8.59
Non KP Annex B,,2008,-7.87
Non KP Annex B,,2009,-6.81
Non KP Annex B,,2010,-6.69
Non KP Annex B,,2011,-7.31
Non KP Annex B,,2012,-6.46
Non KP Annex B,,2013,-6
Non KP Annex B,,2014,-6.1
Non KP Annex B,,2015,-5.22
Non KP Annex B,,2016,-5.02
Non-OECD,,1990,-8.45
Non-OECD,,1991,-9.74
Non-OECD,,1992,-8.75
Non-OECD,,1993,-9.27
Non-OECD,,1994,-9.93
Non-OECD,,1995,-10.47
Non-OECD,,1996,-9.13
Non-OECD,,1997,-9.55
Non-OECD,,1998,-10.59
Non-OECD,,1999,-11.13
Non-OECD,,2000,-11.87
Non-OECD,,2001,-10.55
Non-OECD,,2002,-11.58
Non-OECD,,2003,-10.51
Non-OECD,,2004,-11.2
Non-OECD,,2005,-10.92
Non-OECD,,2006,-11.9
Non-OECD,,2007,-11.13
Non-OECD,,2008,-10.23
Non-OECD,,2009,-8.94
Non-OECD,,2010,-8.94
Non-OECD,,2011,-9.14
Non-OECD,,2012,-8.15
Non-OECD,,2013,-7.76
Non-OECD,,2014,-7.83
Non-OECD,,2015,-7.03
Non-OECD,,2016,-6.81
North America,,1990,-0.23
North America,,1991,0.09
North America,,1992,-0.46
North America,,1993,-0.2
North America,,1994,-0.08
North America,,1995,-0.13
North America,,1996,-0.42
North America,,1997,0.28
North America,,1998,1.95
North America,,1999,3.45
North America,,2000,4.28
North America,,2001,4.25
North America,,2002,5.42
North America,,2003,5.24
North America,,2004,6.1
North America,,2005,6.54
North America,,2006,7.73
North America,,2007,6.82
North America,,2008,6.18
North America,,2009,5.96
North America,,2010,6.25
North America,,2011,7.02
North America,,2012,7.91
North America,,2013,7.34
North America,,2014,7.33
North America,,2015,7.04
North America,,2016,7.05
Norway,NOR,1990,5.34
Norway,NOR,1991,15
Norway,NOR,1992,8.22
Norway,NOR,1993,7.87
Norway,NOR,1994,7.13
Norway,NOR,1995,10.41
Norway,NOR,1996,8.89
Norway,NOR,1997,9.75
Norway,NOR,1998,12.83
Norway,NOR,1999,-22.02
Norway,NOR,2000,-25.01
Norway,NOR,2001,-29.18
Norway,NOR,2002,-19.97
Norway,NOR,2003,-9.71
Norway,NOR,2004,-8.8
Norway,NOR,2005,1.32
Norway,NOR,2006,11.46
Norway,NOR,2007,17.37
Norway,NOR,2008,17.67
Norway,NOR,2009,13.07
Norway,NOR,2010,11.86
Norway,NOR,2011,16.54
Norway,NOR,2012,15.67
Norway,NOR,2013,12.98
Norway,NOR,2014,12.63
Norway,NOR,2015,8.43
Norway,NOR,2016,10.75
OECD,,1990,7.12
OECD,,1991,8.61
OECD,,1992,7.13
OECD,,1993,7.6
OECD,,1994,7.97
OECD,,1995,8.54
OECD,,1996,7.41
OECD,,1997,7.69
OECD,,1998,8.43
OECD,,1999,8.91
OECD,,2000,9.58
OECD,,2001,8.76
OECD,,2002,9.96
OECD,,2003,9.68
OECD,,2004,11.05
OECD,,2005,11.44
OECD,,2006,13.37
OECD,,2007,12.92
OECD,,2008,12.96
OECD,,2009,12.42
OECD,,2010,12.73
OECD,,2011,14.1
OECD,,2012,13.18
OECD,,2013,12.49
OECD,,2014,13.08
OECD,,2015,11.92
OECD,,2016,11.73
Oceania,,1990,-13.57
Oceania,,1991,-14.55
Oceania,,1992,-14.99
Oceania,,1993,-15.77
Oceania,,1994,-14.77
Oceania,,1995,-15.54
Oceania,,1996,-15.96
Oceania,,1997,-15.49
Oceania,,1998,-15.17
Oceania,,1999,-16.93
Oceania,,2000,-18.85
Oceania,,2001,-19.43
Oceania,,2002,-16.22
Oceania,,2003,-15.9
Oceania,,2004,-14.02
Oceania,,2005,-12.83
Oceania,,2006,-9.9
Oceania,,2007,-8.61
Oceania,,2008,-5.91
Oceania,,2009,-5.04
Oceania,,2010,-3.11
Oceania,,2011,0.12
Oceania,,2012,1.33
Oceania,,2013,-0.89
Oceania,,2014,-1.24
Oceania,,2015,-4.41
Oceania,,2016,-6.32
Oman,OMN,1990,0.42
Oman,OMN,1991,2.36
Oman,OMN,1992,1.95
Oman,OMN,1993,3.02
Oman,OMN,1994,0.6
Oman,OMN,1995,-0.59
Oman,OMN,1996,-2.41
Oman,OMN,1997,-3.51
Oman,OMN,1998,1.55
Oman,OMN,1999,-28.46
Oman,OMN,2000,-24.64
Oman,OMN,2001,-21.62
Oman,OMN,2002,-25.07
Oman,OMN,2003,-23.6
Oman,OMN,2004,-24.37
Oman,OMN,2005,-28.12
Oman,OMN,2006,-14.32
Oman,OMN,2007,-12.8
Oman,OMN,2008,-5.65
Oman,OMN,2009,-1.23
Oman,OMN,2010,-15.32
Oman,OMN,2011,-19.45
Oman,OMN,2012,-6.9
Oman,OMN,2013,-7.63
Oman,OMN,2014,-3.76
Oman,OMN,2015,0.46
Oman,OMN,2016,4.97
Pakistan,PAK,1990,7.77
Pakistan,PAK,1991,6.19
Pakistan,PAK,1992,5.14
Pakistan,PAK,1993,5.49
Pakistan,PAK,1994,5.32
Pakistan,PAK,1995,7.09
Pakistan,PAK,1996,7.97
Pakistan,PAK,1997,6.03
Pakistan,PAK,1998,4.03
Pakistan,PAK,1999,11.87
Pakistan,PAK,2000,10.17
Pakistan,PAK,2001,8.13
Pakistan,PAK,2002,9.91
Pakistan,PAK,2003,4.86
Pakistan,PAK,2004,6.34
Pakistan,PAK,2005,10.28
Pakistan,PAK,2006,8.06
Pakistan,PAK,2007,5.03
Pakistan,PAK,2008,5.67
Pakistan,PAK,2009,6.2
Pakistan,PAK,2010,4.7
Pakistan,PAK,2011,5.38
Pakistan,PAK,2012,7.62
Pakistan,PAK,2013,7.29
Pakistan,PAK,2014,8.19
Pakistan,PAK,2015,7.68
Pakistan,PAK,2016,7.11
Panama,PAN,1990,-6.61
Panama,PAN,1991,-19.81
Panama,PAN,1992,-21.2
Panama,PAN,1993,-10.2
Panama,PAN,1994,-10.02
Panama,PAN,1995,9.56
Panama,PAN,1996,-3.76
Panama,PAN,1997,-5.56
Panama,PAN,1998,0.66
Panama,PAN,1999,13.49
Panama,PAN,2000,2.86
Panama,PAN,2001,-8.96
Panama,PAN,2002,8.01
Panama,PAN,2003,-70.68
Panama,PAN,2004,-68
Panama,PAN,2005,-87.09
Panama,PAN,2006,-89.39
Panama,PAN,2007,-83.35
Panama,PAN,2008,-20.39
Panama,PAN,2009,88.46
Panama,PAN,2010,154.56
Panama,PAN,2011,57.92
Panama,PAN,2012,153.77
Panama,PAN,2013,107.75
Panama,PAN,2014,154.99
Panama,PAN,2015,191.64
Panama,PAN,2016,176.16
Paraguay,PRY,1990,64.84
Paraguay,PRY,1991,67.63
Paraguay,PRY,1992,58.78
Paraguay,PRY,1993,47.89
Paraguay,PRY,1994,40.67
Paraguay,PRY,1995,35.41
Paraguay,PRY,1996,36.69
Paraguay,PRY,1997,38.46
Paraguay,PRY,1998,29.9
Paraguay,PRY,1999,28.73
Paraguay,PRY,2000,38.28
Paraguay,PRY,2001,35.01
Paraguay,PRY,2002,14.36
Paraguay,PRY,2003,18.14
Paraguay,PRY,2004,24.01
Paraguay,PRY,2005,31.98
Paraguay,PRY,2006,38.91
Paraguay,PRY,2007,42.23
Paraguay,PRY,2008,65.17
Paraguay,PRY,2009,54.4
Paraguay,PRY,2010,65.93
Paraguay,PRY,2011,57.26
Paraguay,PRY,2012,66.86
Paraguay,PRY,2013,69.01
Paraguay,PRY,2014,66.73
Paraguay,PRY,2015,84.96
Paraguay,PRY,2016,82.4
Peru,PER,1990,7.81
Peru,PER,1991,8.74
Peru,PER,1992,7.96
Peru,PER,1993,6.86
Peru,PER,1994,8.72
Peru,PER,1995,11.01
Peru,PER,1996,8.59
Peru,PER,1997,10.02
Peru,PER,1998,11.41
Peru,PER,1999,13.16
Peru,PER,2000,11.35
Peru,PER,2001,11.32
Peru,PER,2002,16.18
Peru,PER,2003,5.04
Peru,PER,2004,-2.71
Peru,PER,2005,-5.03
Peru,PER,2006,2.41
Peru,PER,2007,-1.46
Peru,PER,2008,14.52
Peru,PER,2009,-0.67
Peru,PER,2010,6.39
Peru,PER,2011,14.75
Peru,PER,2012,16.04
Peru,PER,2013,17.69
Peru,PER,2014,16.66
Peru,PER,2015,13.26
Peru,PER,2016,9.04
Philippines,PHL,1990,39.95
Philippines,PHL,1991,44.13
Philippines,PHL,1992,33.37
Philippines,PHL,1993,34.98
Philippines,PHL,1994,31.35
Philippines,PHL,1995,28.15
Philippines,PHL,1996,26.92
Philippines,PHL,1997,24.66
Philippines,PHL,1998,20.35
Philippines,PHL,1999,26.33
Philippines,PHL,2000,27.8
Philippines,PHL,2001,28.55
Philippines,PHL,2002,24.71
Philippines,PHL,2003,32.24
Philippines,PHL,2004,25.01
Philippines,PHL,2005,27.55
Philippines,PHL,2006,28.98
Philippines,PHL,2007,27.61
Philippines,PHL,2008,26.75
Philippines,PHL,2009,24.84
Philippines,PHL,2010,25.16
Philippines,PHL,2011,27.28
Philippines,PHL,2012,27.76
Philippines,PHL,2013,30.45
Philippines,PHL,2014,26.93
Philippines,PHL,2015,21.24
Philippines,PHL,2016,18.7
Poland,POL,1990,-3.97
Poland,POL,1991,-2.49
Poland,POL,1992,-6.85
Poland,POL,1993,-7.16
Poland,POL,1994,-8.38
Poland,POL,1995,-10.3
Poland,POL,1996,-13.12
Poland,POL,1997,-12.82
Poland,POL,1998,-13.29
Poland,POL,1999,-8.4
Poland,POL,2000,-10.31
Poland,POL,2001,-10.44
Poland,POL,2002,-9.75
Poland,POL,2003,-12.28
Poland,POL,2004,-10.74
Poland,POL,2005,-11.7
Poland,POL,2006,-10.08
Poland,POL,2007,-6.82
Poland,POL,2008,-5.25
Poland,POL,2009,-3.25
Poland,POL,2010,-3.81
Poland,POL,2011,-2.7
Poland,POL,2012,-2.46
Poland,POL,2013,-4.09
Poland,POL,2014,-3.77
Poland,POL,2015,-5.21
Poland,POL,2016,-7.39
Portugal,PRT,1990,17.75
Portugal,PRT,1991,19.29
Portugal,PRT,1992,15.69
Portugal,PRT,1993,18.25
Portugal,PRT,1994,19.59
Portugal,PRT,1995,18.65
Portugal,PRT,1996,19.3
Portugal,PRT,1997,21.41
Portugal,PRT,1998,20.84
Portugal,PRT,1999,13.63
Portugal,PRT,2000,21.41
Portugal,PRT,2001,19.63
Portugal,PRT,2002,17.74
Portugal,PRT,2003,21.92
Portugal,PRT,2004,22.87
Portugal,PRT,2005,24.25
Portugal,PRT,2006,24.92
Portugal,PRT,2007,21.97
Portugal,PRT,2008,23.99
Portugal,PRT,2009,18.59
Portugal,PRT,2010,23.92
Portugal,PRT,2011,21.23
Portugal,PRT,2012,15.44
Portugal,PRT,2013,15.88
Portugal,PRT,2014,15.9
Portugal,PRT,2015,8.44
Portugal,PRT,2016,9.01
Qatar,QAT,1990,-12.67
Qatar,QAT,1991,-16.74
Qatar,QAT,1992,-23.15
Qatar,QAT,1993,-22.52
Qatar,QAT,1994,-22.16
Qatar,QAT,1995,-20.47
Qatar,QAT,1996,-19.82
Qatar,QAT,1997,-24.96
Qatar,QAT,1998,-24.64
Qatar,QAT,1999,-59.73
Qatar,QAT,2000,-56.53
Qatar,QAT,2001,-54.04
Qatar,QAT,2002,-50.24
Qatar,QAT,2003,-40.12
Qatar,QAT,2004,-46.6
Qatar,QAT,2005,-42.09
Qatar,QAT,2006,-46.49
Qatar,QAT,2007,-40.82
Qatar,QAT,2008,-30.74
Qatar,QAT,2009,-25.86
Qatar,QAT,2010,-25.62
Qatar,QAT,2011,-31.75
Qatar,QAT,2012,-30.43
Qatar,QAT,2013,-27.71
Qatar,QAT,2014,-29.16
Qatar,QAT,2015,-29.52
Qatar,QAT,2016,-28.93
Romania,ROU,1990,-3.14
Romania,ROU,1991,0.93
Romania,ROU,1992,-2.71
Romania,ROU,1993,-3.58
Romania,ROU,1994,-5.31
Romania,ROU,1995,-6.79
Romania,ROU,1996,-10.65
Romania,ROU,1997,-13.44
Romania,ROU,1998,-11.85
Romania,ROU,1999,-7.2
Romania,ROU,2000,-7.12
Romania,ROU,2001,-6.75
Romania,ROU,2002,-7.04
Romania,ROU,2003,-6.98
Romania,ROU,2004,-3.88
Romania,ROU,2005,-1.23
Romania,ROU,2006,6.43
Romania,ROU,2007,0.4
Romania,ROU,2008,7.8
Romania,ROU,2009,4.34
Romania,ROU,2010,7.94
Romania,ROU,2011,4.31
Romania,ROU,2012,2.19
Romania,ROU,2013,0.51
Romania,ROU,2014,-0.66
Romania,ROU,2015,-1.77
Romania,ROU,2016,-1.31
Russia,RUS,1990,-4.07
Russia,RUS,1991,-16.07
Russia,RUS,1992,-13.04
Russia,RUS,1993,-14.84
Russia,RUS,1994,-18.1
Russia,RUS,1995,-20.03
Russia,RUS,1996,-16.7
Russia,RUS,1997,-18.38
Russia,RUS,1998,-21.75
Russia,RUS,1999,-19.54
Russia,RUS,2000,-17.84
Russia,RUS,2001,-17.15
Russia,RUS,2002,-18.47
Russia,RUS,2003,-17.65
Russia,RUS,2004,-18.19
Russia,RUS,2005,-16.81
Russia,RUS,2006,-18.71
Russia,RUS,2007,-16.12
Russia,RUS,2008,-15.18
Russia,RUS,2009,-18.09
Russia,RUS,2010,-17.27
Russia,RUS,2011,-15.06
Russia,RUS,2012,-13.09
Russia,RUS,2013,-13.55
Russia,RUS,2014,-13.7
Russia,RUS,2015,-16.21
Russia,RUS,2016,-17.23
Rwanda,RWA,1990,0
Rwanda,RWA,1991,0
Rwanda,RWA,1992,0
Rwanda,RWA,1993,0
Rwanda,RWA,1994,0
Rwanda,RWA,1995,0
Rwanda,RWA,1996,0
Rwanda,RWA,1997,0
Rwanda,RWA,1998,0
Rwanda,RWA,1999,0
Rwanda,RWA,2000,0
Rwanda,RWA,2001,0
Rwanda,RWA,2002,0
Rwanda,RWA,2003,0
Rwanda,RWA,2004,0
Rwanda,RWA,2005,0
Rwanda,RWA,2006,0
Rwanda,RWA,2007,0
Rwanda,RWA,2008,0
Rwanda,RWA,2009,0
Rwanda,RWA,2010,0
Rwanda,RWA,2011,0
Rwanda,RWA,2012,0
Rwanda,RWA,2013,0
Rwanda,RWA,2014,0
Rwanda,RWA,2015,0
Rwanda,RWA,2016,0
Saudi Arabia,SAU,1990,-20.44
Saudi Arabia,SAU,1991,-21.82
Saudi Arabia,SAU,1992,-22.65
Saudi Arabia,SAU,1993,-20.69
Saudi Arabia,SAU,1994,-20.57
Saudi Arabia,SAU,1995,-18.89
Saudi Arabia,SAU,1996,-19.42
Saudi Arabia,SAU,1997,-18.55
Saudi Arabia,SAU,1998,-11.71
Saudi Arabia,SAU,1999,-40.11
Saudi Arabia,SAU,2000,-45.18
Saudi Arabia,SAU,2001,-43.43
Saudi Arabia,SAU,2002,-38.94
Saudi Arabia,SAU,2003,-14.01
Saudi Arabia,SAU,2004,-15.71
Saudi Arabia,SAU,2005,-12.99
Saudi Arabia,SAU,2006,-9.19
Saudi Arabia,SAU,2007,-6.42
Saudi Arabia,SAU,2008,-4.46
Saudi Arabia,SAU,2009,-6.49
Saudi Arabia,SAU,2010,-5.66
Saudi Arabia,SAU,2011,-3.95
Saudi Arabia,SAU,2012,-5.45
Saudi Arabia,SAU,2013,0.33
Saudi Arabia,SAU,2014,-0.13
Saudi Arabia,SAU,2015,-0.64
Saudi Arabia,SAU,2016,-1.67
Senegal,SEN,1990,-0.9
Senegal,SEN,1991,-1.32
Senegal,SEN,1992,0.76
Senegal,SEN,1993,1.11
Senegal,SEN,1994,-1.79
Senegal,SEN,1995,2.69
Senegal,SEN,1996,13.69
Senegal,SEN,1997,23.5
Senegal,SEN,1998,22.76
Senegal,SEN,1999,19.44
Senegal,SEN,2000,11.69
Senegal,SEN,2001,17.14
Senegal,SEN,2002,35.39
Senegal,SEN,2003,16.35
Senegal,SEN,2004,15.98
Senegal,SEN,2005,18.99
Senegal,SEN,2006,32.45
Senegal,SEN,2007,31.39
Senegal,SEN,2008,40.53
Senegal,SEN,2009,30.01
Senegal,SEN,2010,2.98
Senegal,SEN,2011,3.27
Senegal,SEN,2012,14.2
Senegal,SEN,2013,9.84
Senegal,SEN,2014,8.07
Senegal,SEN,2015,33.21
Senegal,SEN,2016,30.61
Singapore,SGP,1990,52.62
Singapore,SGP,1991,62.34
Singapore,SGP,1992,60.43
Singapore,SGP,1993,62.55
Singapore,SGP,1994,46.65
Singapore,SGP,1995,109.82
Singapore,SGP,1996,104.41
Singapore,SGP,1997,89.87
Singapore,SGP,1998,84.77
Singapore,SGP,1999,105.52
Singapore,SGP,2000,142.12
Singapore,SGP,2001,110.8
Singapore,SGP,2002,122.33
Singapore,SGP,2003,232.83
Singapore,SGP,2004,271.33
Singapore,SGP,2005,327.08
Singapore,SGP,2006,393.67
Singapore,SGP,2007,383.09
Singapore,SGP,2008,205.09
Singapore,SGP,2009,91.53
Singapore,SGP,2010,107.98
Singapore,SGP,2011,148.07
Singapore,SGP,2012,226.64
Singapore,SGP,2013,120.57
Singapore,SGP,2014,121.5
Singapore,SGP,2015,103.26
Singapore,SGP,2016,95.67
Slovakia,SVK,1990,23.6
Slovakia,SVK,1991,22.71
Slovakia,SVK,1992,5.05
Slovakia,SVK,1993,6.82
Slovakia,SVK,1994,4.68
Slovakia,SVK,1995,8.61
Slovakia,SVK,1996,12.24
Slovakia,SVK,1997,13.84
Slovakia,SVK,1998,12.52
Slovakia,SVK,1999,2.34
Slovakia,SVK,2000,6.14
Slovakia,SVK,2001,6.98
Slovakia,SVK,2002,9.97
Slovakia,SVK,2003,6.23
Slovakia,SVK,2004,5.03
Slovakia,SVK,2005,5.57
Slovakia,SVK,2006,13.13
Slovakia,SVK,2007,19.51
Slovakia,SVK,2008,25.49
Slovakia,SVK,2009,25.85
Slovakia,SVK,2010,28.28
Slovakia,SVK,2011,31.89
Slovakia,SVK,2012,29.25
Slovakia,SVK,2013,33.93
Slovakia,SVK,2014,38.21
Slovakia,SVK,2015,37.4
Slovakia,SVK,2016,37.53
Slovenia,SVN,1990,2.87
Slovenia,SVN,1991,14.98
Slovenia,SVN,1992,15.39
Slovenia,SVN,1993,16.4
Slovenia,SVN,1994,14.75
Slovenia,SVN,1995,17.45
Slovenia,SVN,1996,12.02
Slovenia,SVN,1997,12.55
Slovenia,SVN,1998,16.63
Slovenia,SVN,1999,13.37
Slovenia,SVN,2000,17.41
Slovenia,SVN,2001,11.38
Slovenia,SVN,2002,12.26
Slovenia,SVN,2003,13.73
Slovenia,SVN,2004,10.96
Slovenia,SVN,2005,12.34
Slovenia,SVN,2006,21.02
Slovenia,SVN,2007,23.26
Slovenia,SVN,2008,19.82
Slovenia,SVN,2009,22.16
Slovenia,SVN,2010,26.85
Slovenia,SVN,2011,37.88
Slovenia,SVN,2012,22.58
Slovenia,SVN,2013,25.97
Slovenia,SVN,2014,33.5
Slovenia,SVN,2015,20.77
Slovenia,SVN,2016,15.71
South Africa,ZAF,1990,-34.2
South Africa,ZAF,1991,-33.64
South Africa,ZAF,1992,-35.38
South Africa,ZAF,1993,-38.19
South Africa,ZAF,1994,-37.2
South Africa,ZAF,1995,-39.54
South Africa,ZAF,1996,-40.46
South Africa,ZAF,1997,-42.12
South Africa,ZAF,1998,-42.61
South Africa,ZAF,1999,-33.66
South Africa,ZAF,2000,-34.01
South Africa,ZAF,2001,-35.09
South Africa,ZAF,2002,-32.59
South Africa,ZAF,2003,-36.74
South Africa,ZAF,2004,-35.25
South Africa,ZAF,2005,-34.68
South Africa,ZAF,2006,-30.45
South Africa,ZAF,2007,-31.45
South Africa,ZAF,2008,-31.18
South Africa,ZAF,2009,-29.61
South Africa,ZAF,2010,-29.22
South Africa,ZAF,2011,-27.61
South Africa,ZAF,2012,-26.03
South Africa,ZAF,2013,-25.3
South Africa,ZAF,2014,-26.36
South Africa,ZAF,2015,-27.91
South Africa,ZAF,2016,-28.36
South America,,1990,-1.17
South America,,1991,0.29
South America,,1992,0.48
South America,,1993,-0.75
South America,,1994,-1
South America,,1995,-0.75
South America,,1996,-0.58
South America,,1997,0.88
South America,,1998,-0.48
South America,,1999,-12.79
South America,,2000,-11.16
South America,,2001,-12.25
South America,,2002,-16.95
South America,,2003,-11.57
South America,,2004,-9.24
South America,,2005,-7.71
South America,,2006,-6.1
South America,,2007,-2.68
South America,,2008,1.41
South America,,2009,0.03
South America,,2010,3.91
South America,,2011,6.52
South America,,2012,7.33
South America,,2013,8.01
South America,,2014,7.88
South America,,2015,6.42
South America,,2016,5.7
South Korea,KOR,1990,29.24
South Korea,KOR,1991,32.4
South Korea,KOR,1992,27.27
South Korea,KOR,1993,24.41
South Korea,KOR,1994,23.86
South Korea,KOR,1995,22.29
South Korea,KOR,1996,22.82
South Korea,KOR,1997,19.31
South Korea,KOR,1998,5.43
South Korea,KOR,1999,12.57
South Korea,KOR,2000,12.67
South Korea,KOR,2001,8.61
South Korea,KOR,2002,11.71
South Korea,KOR,2003,10.19
South Korea,KOR,2004,8.94
South Korea,KOR,2005,14.04
South Korea,KOR,2006,17.03
South Korea,KOR,2007,15.27
South Korea,KOR,2008,18.65
South Korea,KOR,2009,9.49
South Korea,KOR,2010,9.86
South Korea,KOR,2011,9.03
South Korea,KOR,2012,7.37
South Korea,KOR,2013,6.48
South Korea,KOR,2014,8.22
South Korea,KOR,2015,6.95
South Korea,KOR,2016,6.36
Spain,ESP,1990,13.61
Spain,ESP,1991,14.31
Spain,ESP,1992,11.06
Spain,ESP,1993,11.28
Spain,ESP,1994,9.22
Spain,ESP,1995,8.96
Spain,ESP,1996,7.98
Spain,ESP,1997,5.95
Spain,ESP,1998,10.5
Spain,ESP,1999,6.81
Spain,ESP,2000,6.85
Spain,ESP,2001,7.58
Spain,ESP,2002,8.7
Spain,ESP,2003,7.64
Spain,ESP,2004,10.45
Spain,ESP,2005,11.9
Spain,ESP,2006,17.82
Spain,ESP,2007,18.33
Spain,ESP,2008,19.72
Spain,ESP,2009,19.13
Spain,ESP,2010,21.72
Spain,ESP,2011,19.03
Spain,ESP,2012,13.82
Spain,ESP,2013,15.26
Spain,ESP,2014,14.44
Spain,ESP,2015,9.26
Spain,ESP,2016,10.24
Sri Lanka,LKA,1990,59
Sri Lanka,LKA,1991,59.49
Sri Lanka,LKA,1992,48.16
Sri Lanka,LKA,1993,56.21
Sri Lanka,LKA,1994,55.15
Sri Lanka,LKA,1995,57.71
Sri Lanka,LKA,1996,49.51
Sri Lanka,LKA,1997,37.2
Sri Lanka,LKA,1998,46.33
Sri Lanka,LKA,1999,63.75
Sri Lanka,LKA,2000,48.03
Sri Lanka,LKA,2001,54.77
Sri Lanka,LKA,2002,61.52
Sri Lanka,LKA,2003,55.85
Sri Lanka,LKA,2004,49.18
Sri Lanka,LKA,2005,58.92
Sri Lanka,LKA,2006,55.41
Sri Lanka,LKA,2007,50.29
Sri Lanka,LKA,2008,65.94
Sri Lanka,LKA,2009,54.48
Sri Lanka,LKA,2010,60.91
Sri Lanka,LKA,2011,73.25
Sri Lanka,LKA,2012,73.61
Sri Lanka,LKA,2013,78.17
Sri Lanka,LKA,2014,65.98
Sri Lanka,LKA,2015,53.54
Sri Lanka,LKA,2016,50.32
Sweden,SWE,1990,36.33
Sweden,SWE,1991,42.99
Sweden,SWE,1992,40.56
Sweden,SWE,1993,40.05
Sweden,SWE,1994,39.25
Sweden,SWE,1995,41.31
Sweden,SWE,1996,40.49
Sweden,SWE,1997,44.08
Sweden,SWE,1998,45.19
Sweden,SWE,1999,43.64
Sweden,SWE,2000,48.49
Sweden,SWE,2001,40.74
Sweden,SWE,2002,42.44
Sweden,SWE,2003,48.46
Sweden,SWE,2004,52.71
Sweden,SWE,2005,56.9
Sweden,SWE,2006,60.76
Sweden,SWE,2007,69.06
Sweden,SWE,2008,68.16
Sweden,SWE,2009,59.34
Sweden,SWE,2010,61.39
Sweden,SWE,2011,65.55
Sweden,SWE,2012,65.7
Sweden,SWE,2013,64.09
Sweden,SWE,2014,66.2
Sweden,SWE,2015,62.66
Sweden,SWE,2016,65.11
Switzerland,CHE,1990,79.85
Switzerland,CHE,1991,81.74
Switzerland,CHE,1992,77.52
Switzerland,CHE,1993,85.74
Switzerland,CHE,1994,92.54
Switzerland,CHE,1995,99.13
Switzerland,CHE,1996,138.93
Switzerland,CHE,1997,121.6
Switzerland,CHE,1998,153.81
Switzerland,CHE,1999,121.66
Switzerland,CHE,2000,135.53
Switzerland,CHE,2001,110.74
Switzerland,CHE,2002,111.13
Switzerland,CHE,2003,142.99
Switzerland,CHE,2004,138.82
Switzerland,CHE,2005,135.12
Switzerland,CHE,2006,132.29
Switzerland,CHE,2007,161.74
Switzerland,CHE,2008,155.7
Switzerland,CHE,2009,154.39
Switzerland,CHE,2010,141.4
Switzerland,CHE,2011,187.8
Switzerland,CHE,2012,167.58
Switzerland,CHE,2013,193.63
Switzerland,CHE,2014,215.32
Switzerland,CHE,2015,212.99
Switzerland,CHE,2016,205.4
Taiwan,TWN,1990,35.29
Taiwan,TWN,1991,38.19
Taiwan,TWN,1992,28.17
Taiwan,TWN,1993,26.81
Taiwan,TWN,1994,28.65
Taiwan,TWN,1995,28.01
Taiwan,TWN,1996,17.23
Taiwan,TWN,1997,20.59
Taiwan,TWN,1998,15.03
Taiwan,TWN,1999,15.3
Taiwan,TWN,2000,15.82
Taiwan,TWN,2001,3.11
Taiwan,TWN,2002,11.09
Taiwan,TWN,2003,4.17
Taiwan,TWN,2004,11.32
Taiwan,TWN,2005,6.84
Taiwan,TWN,2006,4.12
Taiwan,TWN,2007,4.12
Taiwan,TWN,2008,3.13
Taiwan,TWN,2009,0.34
Taiwan,TWN,2010,4.52
Taiwan,TWN,2011,1.97
Taiwan,TWN,2012,5.29
Taiwan,TWN,2013,2.9
Taiwan,TWN,2014,2.82
Taiwan,TWN,2015,2.04
Taiwan,TWN,2016,0.61
Tanzania,TZA,1990,58.84
Tanzania,TZA,1991,59.09
Tanzania,TZA,1992,61.5
Tanzania,TZA,1993,59.46
Tanzania,TZA,1994,69.76
Tanzania,TZA,1995,44.02
Tanzania,TZA,1996,34.54
Tanzania,TZA,1997,59.55
Tanzania,TZA,1998,78.27
Tanzania,TZA,1999,88.35
Tanzania,TZA,2000,92.12
Tanzania,TZA,2001,73.34
Tanzania,TZA,2002,65
Tanzania,TZA,2003,70.56
Tanzania,TZA,2004,63.85
Tanzania,TZA,2005,51.34
Tanzania,TZA,2006,58.62
Tanzania,TZA,2007,56.74
Tanzania,TZA,2008,74.49
Tanzania,TZA,2009,84.62
Tanzania,TZA,2010,69.53
Tanzania,TZA,2011,76.47
Tanzania,TZA,2012,71.85
Tanzania,TZA,2013,77.84
Tanzania,TZA,2014,76.73
Tanzania,TZA,2015,76.16
Tanzania,TZA,2016,69.55
Thailand,THA,1990,21.78
Thailand,THA,1991,27.07
Thailand,THA,1992,19.32
Thailand,THA,1993,15.79
Thailand,THA,1994,13.77
Thailand,THA,1995,9.88
Thailand,THA,1996,7.48
Thailand,THA,1997,0.84
Thailand,THA,1998,-13.96
Thailand,THA,1999,-7.84
Thailand,THA,2000,-6.43
Thailand,THA,2001,-9.32
Thailand,THA,2002,-14.68
Thailand,THA,2003,-8.93
Thailand,THA,2004,-6.2
Thailand,THA,2005,-4.21
Thailand,THA,2006,-8.69
Thailand,THA,2007,-9.8
Thailand,THA,2008,-5.21
Thailand,THA,2009,-8.9
Thailand,THA,2010,-5.68
Thailand,THA,2011,-2.06
Thailand,THA,2012,-0.74
Thailand,THA,2013,-1.53
Thailand,THA,2014,-2.66
Thailand,THA,2015,-3.82
Thailand,THA,2016,-5.17
Togo,TGO,1990,31.83
Togo,TGO,1991,30.47
Togo,TGO,1992,35.32
Togo,TGO,1993,38.81
Togo,TGO,1994,46.53
Togo,TGO,1995,42.26
Togo,TGO,1996,33.3
Togo,TGO,1997,52.53
Togo,TGO,1998,47.52
Togo,TGO,1999,6.68
Togo,TGO,2000,10.23
Togo,TGO,2001,40.49
Togo,TGO,2002,39.89
Togo,TGO,2003,43.73
Togo,TGO,2004,45.96
Togo,TGO,2005,79.03
Togo,TGO,2006,115.73
Togo,TGO,2007,190.07
Togo,TGO,2008,143.78
Togo,TGO,2009,58.5
Togo,TGO,2010,80.22
Togo,TGO,2011,81.61
Togo,TGO,2012,250.4
Togo,TGO,2013,206.37
Togo,TGO,2014,218.83
Togo,TGO,2015,186.07
Togo,TGO,2016,174
Trinidad and Tobago,TTO,1990,-22.61
Trinidad and Tobago,TTO,1991,-21.7
Trinidad and Tobago,TTO,1992,-23.25
Trinidad and Tobago,TTO,1993,-22.98
Trinidad and Tobago,TTO,1994,-24.15
Trinidad and Tobago,TTO,1995,-25.77
Trinidad and Tobago,TTO,1996,-23.46
Trinidad and Tobago,TTO,1997,-20.6
Trinidad and Tobago,TTO,1998,-19.02
Trinidad and Tobago,TTO,1999,-25.44
Trinidad and Tobago,TTO,2000,-33.76
Trinidad and Tobago,TTO,2001,-35.06
Trinidad and Tobago,TTO,2002,-29.92
Trinidad and Tobago,TTO,2003,-50.17
Trinidad and Tobago,TTO,2004,-52.15
Trinidad and Tobago,TTO,2005,-68.16
Trinidad and Tobago,TTO,2006,-84.53
Trinidad and Tobago,TTO,2007,-67.98
Trinidad and Tobago,TTO,2008,-69.36
Trinidad and Tobago,TTO,2009,-50.82
Trinidad and Tobago,TTO,2010,-52.58
Trinidad and Tobago,TTO,2011,-57.75
Trinidad and Tobago,TTO,2012,-54.73
Trinidad and Tobago,TTO,2013,-59.45
Trinidad and Tobago,TTO,2014,-56.13
Trinidad and Tobago,TTO,2015,-66.67
Trinidad and Tobago,TTO,2016,-56.65
Tunisia,TUN,1990,7.27
Tunisia,TUN,1991,11.88
Tunisia,TUN,1992,9.18
Tunisia,TUN,1993,6.96
Tunisia,TUN,1994,6.95
Tunisia,TUN,1995,12.29
Tunisia,TUN,1996,19.92
Tunisia,TUN,1997,31.85
Tunisia,TUN,1998,11.64
Tunisia,TUN,1999,4.56
Tunisia,TUN,2000,9.58
Tunisia,TUN,2001,-2.31
Tunisia,TUN,2002,-0.07
Tunisia,TUN,2003,-8.09
Tunisia,TUN,2004,-7.62
Tunisia,TUN,2005,-11.36
Tunisia,TUN,2006,-7.91
Tunisia,TUN,2007,-11.1
Tunisia,TUN,2008,-3.07
Tunisia,TUN,2009,-5.31
Tunisia,TUN,2010,-7.88
Tunisia,TUN,2011,-6.46
Tunisia,TUN,2012,-11.7
Tunisia,TUN,2013,-6.93
Tunisia,TUN,2014,-6.83
Tunisia,TUN,2015,25.57
Tunisia,TUN,2016,25
Turkey,TUR,1990,48.73
Turkey,TUR,1991,46.8
Turkey,TUR,1992,32.66
Turkey,TUR,1993,28.03
Turkey,TUR,1994,27.37
Turkey,TUR,1995,26.75
Turkey,TUR,1996,10.98
Turkey,TUR,1997,13.08
Turkey,TUR,1998,12.94
Turkey,TUR,1999,10.51
Turkey,TUR,2000,13.22
Turkey,TUR,2001,4.3
Turkey,TUR,2002,9.14
Turkey,TUR,2003,8.12
Turkey,TUR,2004,14.95
Turkey,TUR,2005,14.74
Turkey,TUR,2006,13.94
Turkey,TUR,2007,16.22
Turkey,TUR,2008,15.52
Turkey,TUR,2009,8.68
Turkey,TUR,2010,16.16
Turkey,TUR,2011,14.19
Turkey,TUR,2012,12.68
Turkey,TUR,2013,16.55
Turkey,TUR,2014,15.09
Turkey,TUR,2015,12.75
Turkey,TUR,2016,12.23
Uganda,UGA,1990,101.4
Uganda,UGA,1991,100.1
Uganda,UGA,1992,105.6
Uganda,UGA,1993,129.56
Uganda,UGA,1994,140.75
Uganda,UGA,1995,118.77
Uganda,UGA,1996,64.9
Uganda,UGA,1997,76.21
Uganda,UGA,1998,120.66
Uganda,UGA,1999,119.8
Uganda,UGA,2000,69.01
Uganda,UGA,2001,96.51
Uganda,UGA,2002,68.13
Uganda,UGA,2003,91.21
Uganda,UGA,2004,84.56
Uganda,UGA,2005,69.16
Uganda,UGA,2006,74.89
Uganda,UGA,2007,58.95
Uganda,UGA,2008,62.54
Uganda,UGA,2009,76.96
Uganda,UGA,2010,63.29
Uganda,UGA,2011,58.07
Uganda,UGA,2012,69.64
Uganda,UGA,2013,54.41
Uganda,UGA,2014,56.96
Uganda,UGA,2015,50.72
Uganda,UGA,2016,49
Ukraine,UKR,1990,-44.92
Ukraine,UKR,1991,-42.88
Ukraine,UKR,1992,-27.67
Ukraine,UKR,1993,-30
Ukraine,UKR,1994,-38.78
Ukraine,UKR,1995,-46.7
Ukraine,UKR,1996,-35.07
Ukraine,UKR,1997,-36.52
Ukraine,UKR,1998,-44.08
Ukraine,UKR,1999,-27.21
Ukraine,UKR,2000,-31.7
Ukraine,UKR,2001,-23.51
Ukraine,UKR,2002,-22.69
Ukraine,UKR,2003,-32.91
Ukraine,UKR,2004,-36.47
Ukraine,UKR,2005,-28.86
Ukraine,UKR,2006,-30
Ukraine,UKR,2007,-23.48
Ukraine,UKR,2008,-20.59
Ukraine,UKR,2009,-16.53
Ukraine,UKR,2010,-15.64
Ukraine,UKR,2011,-12.01
Ukraine,UKR,2012,-9.72
Ukraine,UKR,2013,-7.5
Ukraine,UKR,2014,-3.01
Ukraine,UKR,2015,1.1
Ukraine,UKR,2016,1.82
United Arab Emirates,ARE,1990,7.25
United Arab Emirates,ARE,1991,7.88
United Arab Emirates,ARE,1992,10.29
United Arab Emirates,ARE,1993,4.39
United Arab Emirates,ARE,1994,3.74
United Arab Emirates,ARE,1995,7.83
United Arab Emirates,ARE,1996,35.29
United Arab Emirates,ARE,1997,35.32
United Arab Emirates,ARE,1998,14.48
United Arab Emirates,ARE,1999,3.7
United Arab Emirates,ARE,2000,-3.59
United Arab Emirates,ARE,2001,7.96
United Arab Emirates,ARE,2002,16.32
United Arab Emirates,ARE,2003,25.38
United Arab Emirates,ARE,2004,32.73
United Arab Emirates,ARE,2005,43.7
United Arab Emirates,ARE,2006,38.4
United Arab Emirates,ARE,2007,53.19
United Arab Emirates,ARE,2008,59.11
United Arab Emirates,ARE,2009,21
United Arab Emirates,ARE,2010,24.39
United Arab Emirates,ARE,2011,30.88
United Arab Emirates,ARE,2012,23.07
United Arab Emirates,ARE,2013,29.99
United Arab Emirates,ARE,2014,18.7
United Arab Emirates,ARE,2015,9.78
United Arab Emirates,ARE,2016,6.41
United Kingdom,GBR,1990,9.35
United Kingdom,GBR,1991,10.77
United Kingdom,GBR,1992,10.8
United Kingdom,GBR,1993,12.28
United Kingdom,GBR,1994,13.4
United Kingdom,GBR,1995,15.09
United Kingdom,GBR,1996,16.39
United Kingdom,GBR,1997,20.43
United Kingdom,GBR,1998,23.47
United Kingdom,GBR,1999,20.71
United Kingdom,GBR,2000,20.3
United Kingdom,GBR,2001,20.38
United Kingdom,GBR,2002,22.45
United Kingdom,GBR,2003,24.51
United Kingdom,GBR,2004,26.89
United Kingdom,GBR,2005,25.56
United Kingdom,GBR,2006,28.08
United Kingdom,GBR,2007,31.04
United Kingdom,GBR,2008,27.96
United Kingdom,GBR,2009,33.86
United Kingdom,GBR,2010,33.79
United Kingdom,GBR,2011,34.57
United Kingdom,GBR,2012,32.42
United Kingdom,GBR,2013,31.48
United Kingdom,GBR,2014,37.19
United Kingdom,GBR,2015,36.71
United Kingdom,GBR,2016,39.94
United States,USA,1990,-0.5
United States,USA,1991,-0.27
United States,USA,1992,-0.84
United States,USA,1993,-0.46
United States,USA,1994,-0.25
United States,USA,1995,-0.23
United States,USA,1996,-0.6
United States,USA,1997,-0.33
United States,USA,1998,1.5
United States,USA,1999,3.53
United States,USA,2000,4.27
United States,USA,2001,4.52
United States,USA,2002,5.68
United States,USA,2003,5.95
United States,USA,2004,6.94
United States,USA,2005,7
United States,USA,2006,8.52
United States,USA,2007,7.71
United States,USA,2008,6.72
United States,USA,2009,6.21
United States,USA,2010,6.12
United States,USA,2011,7.9
United States,USA,2012,8
United States,USA,2013,7.15
United States,USA,2014,7.13
United States,USA,2015,7.31
United States,USA,2016,7.66
Uruguay,URY,1990,28.7
Uruguay,URY,1991,23.61
Uruguay,URY,1992,21.13
Uruguay,URY,1993,28.02
Uruguay,URY,1994,35.02
Uruguay,URY,1995,34.23
Uruguay,URY,1996,38.31
Uruguay,URY,1997,49.85
Uruguay,URY,1998,56.55
Uruguay,URY,1999,47.79
Uruguay,URY,2000,58.12
Uruguay,URY,2001,52.27
Uruguay,URY,2002,32.54
Uruguay,URY,2003,42.11
Uruguay,URY,2004,36.96
Uruguay,URY,2005,40.87
Uruguay,URY,2006,32.41
Uruguay,URY,2007,44.5
Uruguay,URY,2008,31.66
Uruguay,URY,2009,27.87
Uruguay,URY,2010,61.61
Uruguay,URY,2011,51.01
Uruguay,URY,2012,57.57
Uruguay,URY,2013,72.05
Uruguay,URY,2014,86.28
Uruguay,URY,2015,100.75
Uruguay,URY,2016,98.02
Venezuela,VEN,1990,-29.3
Venezuela,VEN,1991,-26.13
Venezuela,VEN,1992,-22.7
Venezuela,VEN,1993,-26.81
Venezuela,VEN,1994,-30.28
Venezuela,VEN,1995,-29.83
Venezuela,VEN,1996,-32.33
Venezuela,VEN,1997,-30.07
Venezuela,VEN,1998,-32.12
Venezuela,VEN,1999,-71.93
Venezuela,VEN,2000,-70.8
Venezuela,VEN,2001,-66.12
Venezuela,VEN,2002,-72.38
Venezuela,VEN,2003,-43.52
Venezuela,VEN,2004,-38.03
Venezuela,VEN,2005,-33.44
Venezuela,VEN,2006,-37.23
Venezuela,VEN,2007,-28.32
Venezuela,VEN,2008,-25.03
Venezuela,VEN,2009,-12.44
Venezuela,VEN,2010,-12.04
Venezuela,VEN,2011,-9.42
Venezuela,VEN,2012,-6.35
Venezuela,VEN,2013,-6.6
Venezuela,VEN,2014,-6.94
Venezuela,VEN,2015,-9.26
Venezuela,VEN,2016,-11.16
Vietnam,VNM,1990,6.1
Vietnam,VNM,1991,5.67
Vietnam,VNM,1992,6.12
Vietnam,VNM,1993,9.82
Vietnam,VNM,1994,6.93
Vietnam,VNM,1995,6.93
Vietnam,VNM,1996,8.42
Vietnam,VNM,1997,0.9
Vietnam,VNM,1998,-0.52
Vietnam,VNM,1999,-9.52
Vietnam,VNM,2000,-10.17
Vietnam,VNM,2001,-9.86
Vietnam,VNM,2002,-8.47
Vietnam,VNM,2003,7.96
Vietnam,VNM,2004,4.96
Vietnam,VNM,2005,3.62
Vietnam,VNM,2006,7.12
Vietnam,VNM,2007,12.76
Vietnam,VNM,2008,14.39
Vietnam,VNM,2009,11.52
Vietnam,VNM,2010,11.98
Vietnam,VNM,2011,11.48
Vietnam,VNM,2012,15.35
Vietnam,VNM,2013,29.68
Vietnam,VNM,2014,21.35
Vietnam,VNM,2015,8.87
Vietnam,VNM,2016,3.54
Zambia,ZMB,1990,47.9
Zambia,ZMB,1991,53.47
Zambia,ZMB,1992,50.72
Zambia,ZMB,1993,56.01
Zambia,ZMB,1994,60.97
Zambia,ZMB,1995,85.79
Zambia,ZMB,1996,106.21
Zambia,ZMB,1997,104.96
Zambia,ZMB,1998,97.15
Zambia,ZMB,1999,105.09
Zambia,ZMB,2000,149.04
Zambia,ZMB,2001,125.29
Zambia,ZMB,2002,103.8
Zambia,ZMB,2003,90.25
Zambia,ZMB,2004,73.44
Zambia,ZMB,2005,65.86
Zambia,ZMB,2006,97.74
Zambia,ZMB,2007,177.61
Zambia,ZMB,2008,209.69
Zambia,ZMB,2009,148.54
Zambia,ZMB,2010,122.06
Zambia,ZMB,2011,152.17
Zambia,ZMB,2012,92.58
Zambia,ZMB,2013,120.39
Zambia,ZMB,2014,111.77
Zambia,ZMB,2015,121.54
Zambia,ZMB,2016,118.82
Zimbabwe,ZWE,1990,29.77
Zimbabwe,ZWE,1991,31.74
Zimbabwe,ZWE,1992,28.25
Zimbabwe,ZWE,1993,31.19
Zimbabwe,ZWE,1994,30.25
Zimbabwe,ZWE,1995,42.37
Zimbabwe,ZWE,1996,58.43
Zimbabwe,ZWE,1997,34.8
Zimbabwe,ZWE,1998,17.79
Zimbabwe,ZWE,1999,-3.94
Zimbabwe,ZWE,2000,-32.18
Zimbabwe,ZWE,2001,-19.11
Zimbabwe,ZWE,2002,-3.4
Zimbabwe,ZWE,2003,-9.84
Zimbabwe,ZWE,2004,11.68
Zimbabwe,ZWE,2005,6.49
Zimbabwe,ZWE,2006,10.21
Zimbabwe,ZWE,2007,30.09
Zimbabwe,ZWE,2008,34.99
Zimbabwe,ZWE,2009,49.47
Zimbabwe,ZWE,2010,19.35
Zimbabwe,ZWE,2011,11.09
Zimbabwe,ZWE,2012,40.74
Zimbabwe,ZWE,2013,7.62
Zimbabwe,ZWE,2014,9.95
Zimbabwe,ZWE,2015,36.6
Zimbabwe,ZWE,2016,40.51