Product,Albania,Algeria,Angola,Argentina,Australia,Austria,Bangladesh,Belarus,Belgium,Benin,Bolivia__Plurinational_State_of_,Bosnia_and_Herzegovina,Brazil,Bulgaria,Burkina_Faso,Burundi,Cambodia,Cameroon,Canada,Central_African_Republic,Chad,Chile,China,Colombia,Congo,Costa_Rica,Croatia,Cuba,Cyprus,Czech_Republic,Côte_d_Ivoire,Democratic_People_s_Republic_of_Korea,Democratic_Republic_of_the_Congo,Denmark,Ecuador,Egypt,El_Salvador,Eritrea,Estonia,Ethiopia,Finland,France,Gabon,Germany,Ghana,Greece,Guadeloupe,Guatemala,Guinea,Guinea_Bissau,Hungary,India,Indonesia,Iran__Islamic_Republic_of_,Ireland,Israel,Italy,Japan,Kenya,Kyrgyzstan,Latvia,Liberia,Lithuania,Luxembourg,Madagascar,Malawi,Malaysia,Mali,Mauritius,Mexico,Mongolia,Morocco,Mozambique,Namibia,Nepal,Netherlands,New_Zealand,Nicaragua,Niger,Nigeria,Norway,Pakistan,Panama,Paraguay,Peru,Philippines,Poland,Portugal,Republic_of_Moldova,Romania,Russian_Federation,Rwanda,Senegal,Serbia,Sierra_Leone,Slovakia,Slovenia,Somalia,South_Africa,Spain,Sri_Lanka,Sudan__former_,Sweden,Switzerland,Thailand,Togo,Tunisia,Turkey,Uganda,Ukraine,United_Kingdom,United_Republic_of_Tanzania,United_States_of_America,Uruguay,Uzbekistan,Venezuela__Bolivarian_Republic_of_,Viet_Nam,Zambia,Zimbabwe
Adzuki bean,,,,,,,,,,,,,,,,,,,,,,,,,,,,,,,,,,,,,,,,,,,,,,,,,,,,,,,,,,2.39723177430766,,,,,,,,,,,,,,,,,,,,,,,,,,,,,,,,,,,,,,,,,,,,,,,,,,,,,,,,,,,,,
Almonds,,,,,2.95149292048568,,,,,,,,,,,,,,,,,,1.68213792026417,,,,,,,,,,,,,,,,,,,,,,,,,,,,,,,8.12851946394021,,,,,,,,,,,,,,,,,,,,,,,,,,,,,,,,,,,,,,,,,,,,,,,,,,,,,,,,,,,-2.91304516007663,,,,,,
"Almonds, Hazelnuts, Carob",,,,,,,,,,,,,,,,,,,,,,,,,,,,,,,,,,,,,,,,,,,,,,,,,,,,,,,,,,,,,,,,,,,,,,,,,,,,,,,,,,,,,,,,,,,,,,,,,,,,2.09779061216884,,,,,,,,,,,,,,,,,,,
Amazon river prawn,,,,,,,,,,,,,87.7450974721723,,,,,,,,,,,,,,,,,,,,,,,,,,,,,,,,,,,,,,,,,,,,,,,,,,,,,,,,,,,,,,,,,,,,,,,,,,,,,,,,,,,,,,,,,,,,,,,,,,,,,,,,,,
Apples,,,,,,,,,,,,,,,,,,,0.442968138190968,,,0.336628253114685,0.546254950560132,,,,,,,,,,,,,,,,,,,0.22399086854827,,0.372398736034917,,0.489904713395563,,,,,,,,,,,0.479685361950261,,,,,,,,,,,,,,,,,,,,0.363202328882958,,,,,,,,0.727955307769182,,,0.343419031618225,,,,,,,,,,,,0.431180335659018,,,,0.377436492342766,,,,,,,0.434120765641049,,0.443828971519359,,,,,,
Artichokes,,,,,,,,,,,,,,,,,,,,,,,,,,,,,,,,,,,,,,,,,,,,,,,,,,,,,,,,,0.937348704083075,,,,,,,,,,,,,,,,,,,,,,,,,,,,,,,,,,,,,,,,,,,1.08576412937846,,,,,,,,,,,,,,,,,,,
Avocado,,,,,0.936771431238676,,,,,,,,,,,,,,,,,,,,,,,,,,,,,,,,,,,,,,,,,,,,,,,,,,,1.48343429182113,,,,,,,,,,,,,,1.78868313593942,,,,,,,,,,,,,,,4.89878737988681,,,,,,,,,,,,,,,,,,,,,,,,,,,,,,,,,,
Bananas,,,,,0.861984701196097,,,,,,,,,,,,,,,,,,0.635487519455374,0.745341963612176,,0.860708202912361,,,,,,,,,0.955423869733284,,,,,,,,,,,,0.769744931554931,,,,,0.795198858330368,,,,,,,,,,,,,,,,,,,,,,,,,,,,,,,1.61883139347392,,0.488926439190568,,,,,,,,,,,,,,,,,,,,0.722709044691357,,,,,,,,,,,,,,
Barley,,1.1857950706844,,,0.980052317959923,,,1.48914713465962,1.03969889984848,,,1.06630102343508,,1.11211976653199,,,,,,,,,,,,,,,,1.09867386154689,,,,1.10543708044045,,,,,,,1.26627723003661,1.04123617990346,,1.07527742280778,,,,,,,1.1972190255727,,,1.14529500847207,1.14590117347427,,,,,,,,,,,,,,,,,1.18608701426328,,,,,,,,,1.20264268513154,,,,,,1.24271764336866,,1.1043352159091,1.12204955163101,1.24209109291778,,,1.06080882724496,,1.10496338895923,,,,0.993450826764206,,,1.0935369661499,,,,1.14918797062935,1.16177513687343,,1.2649488362333,,,1.06171543696077,,1.20560850265981,,,,
Beef,,,,,49.1732411349433,,,,,,,,93.7214789680359,,,,,,75.6705847533414,,,104.768397613366,21.8870196086213,,,,,,,,,,,57.5017846283789,,,,,,,,43.9733433118747,,35.7515563188194,,,,,,,,,295.731141015805,,36.4582292988004,,,,,,,,,,,,,,,26.7930721584848,,,,,,40.7377631367429,,,,,43.369789330329,,,,,,,,,19.8402181995942,,,,,,,,,,,,,43.2243487816154,57.3270297949053,,,,,,,47.5689508396305,,38.6515828482334,74.3265226881467,,,,,
Beer,,,,,1.52597710949296,,,,,,,,,,,,,,,,,,,,,,,,,,,,,,,,,,,,,,,,,,,,,,,,,,,,,,,,,,,,,,,,,,,,,,,,,,,,,,,,,,,,,,,,,,,,,,,,,,,,,,,,,,,,,,,,,,
Beer (Fat Tire® Amber Ale),,,,,,,,,,,,,,,,,,,,,,,,,,,,,,,,,,,,,,,,,,,,,,,,,,,,,,,,,,,,,,,,,,,,,,,,,,,,,,,,,,,,,,,,,,,,,,,,,,,,,,,,,,,,,,,,,1.52723728072053,,,,,,
"Beer (HUB Lager, Hopworks Urban Brewery)",,,,,,,,,,,,,,,,,,,,,,,,,,,,,,,,,,,,,,,,,,,,,,,,,,,,,,,,,,,,,,,,,,,,,,,,,,,,,,,,,,,,,,,,,,,,,,,,,,,,,,,,,,,,,,,,,0.782051666461254,,,,,,
"Beer (Horn Blonde Ale, RAM Brewery)",,,,,,,,,,,,,,,,,,,,,,,,,,,,,,,,,,,,,,,,,,,,,,,,,,,,,,,,,,,,,,,,,,,,,,,,,,,,,,,,,,,,,,,,,,,,,,,,,,,,,,,,,,,,,,,,,0.439197149808063,,,,,,
"Beer (Pinnacle Peak Pale Ale, Harmon Brewing Company)",,,,,,,,,,,,,,,,,,,,,,,,,,,,,,,,,,,,,,,,,,,,,,,,,,,,,,,,,,,,,,,,,,,,,,,,,,,,,,,,,,,,,,,,,,,,,,,,,,,,,,,,,,,,,,,,,0.607365558754795,,,,,,
Beer (Vashon Brewing Company),,,,,,,,,,,,,,,,,,,,,,,,,,,,,,,,,,,,,,,,,,,,,,,,,,,,,,,,,,,,,,,,,,,,,,,,,,,,,,,,,,,,,,,,,,,,,,,,,,,,,,,,,,,,,,,,,2.63928511974374,,,,,,
"Beer (Vortex IPA, Fort George Brewery)",,,,,,,,,,,,,,,,,,,,,,,,,,,,,,,,,,,,,,,,,,,,,,,,,,,,,,,,,,,,,,,,,,,,,,,,,,,,,,,,,,,,,,,,,,,,,,,,,,,,,,,,,,,,,,,,,1.36832975687611,,,,,,
Blood oranges,,,,,,,,,,,,,,,,,,,,,,,,,,,,,,,,,,,,,,,,,,,,,,,,,,,,,,,,,0.383528819659143,,,,,,,,,,,,,,,,,,,,,,,,,,,,,,,,,,,,,,,,,,,,,,,,,,,,,,,,,,,,,,
Blueberries,,,,,,,,,,,,,,,,,,,,,,0.969560942037599,,,,,,,,,,,,,,,,,,,,,,,,,,,,,,,,,,,,,,,,,,,,,,,,,,,,,,,,,,,,,,,,,,,,,,,,,,,,,,,,,,,,,,,,,,,0.660898518395164,,,,,,
Bread wheat,,,,,,,,,,,,,,,,,,,,,,,,,,,,,,,,,,,,,,,,,,,,,,,,,,,,,,,,,,,,,,,,,,,,,,,,,,,,,,,,,,,,,,,,,,,,,,,,,,,,,,,,,,,,,,,1.04335795686106,,,,,,,,
Broccoli,,,,,2.3624366527647,,,,,,,,,,,,,,,,,,,,,,,,,,,,,,,,,,,,,,,,,,,,,,,,,,,,,,,,,,,,,,,,,,,,,,,,,,,,,,,,,,,,,,,,,,,,,,,0.818923427119285,,,0.75765370588337,0.528550376195368,,,,,,,0.735349316972604,,0.725700481512092,,,,,,
"Brook trout, brown trout, rainbow trout, arctic char",,,,,,,,,,,,,,,,,,,,,,,,,,,,,,,,,,10.6320117093179,,,,,,,,13.55257307039,,,,,,,,,,,,,,,,,,,,,,,,,,,,,,,,,,,,,,,,,,,,,,,,,,,,,,,,,,,,,,,,,,,,,,,,,,,,,
Brown beans,,,,,,,,,,,,,,,,,,,,,,,,,,,,,,,,,,,,,,,,,,,,,,,,,,,,,,,,,,,,,,,,,,,,,,,,,,,,5.26550507421817,,,,,,,,,,,,,,,,,,,,,,,,,,,,,,,,,,,,,,,,,,,
Bunched carrots,,,,,,,,,,,,,,,,,,,,,,,,,,,,,,,,,,,,,,,,,,,,,,,,,,,,,,,,,,,,,,,,,,,,,,,,,,,,0.55683462538674,,,,,,,,,,,,,,,,,,,,,,,,,,,,,,,,,,,,,,,,,,,
Cabbage,,,,,0.476715803106119,,,,,,,,,,,,,,,,,,0.274203470094678,,,,,,,0.269603631238062,,,,,,,,,,,,,,,,,,,,,,,,,,,,0.316487939490627,,,,,,,,,,,,,,,,,,,,,,,,,,,,,,,,,,,,,,,,,,,,,0.217305303486549,0.275065497537896,,,,,,,,,,,,,,,
Canary melon,,,,,,,,,,,,,2.94013946478159,,,,,,,,,,,,,,,,,,,,,,,,,,,,,,,,,,,,,,,,,,,,,,,,,,,,,,,,,,,,,,,,,,,,,,,,,,,,,,,,,,,,,,,,,,,,,,,,,,,,,,,,,,
Canola,,,,,2.1203533563423,,,,,,,,,,,,,,3.52690621138275,,,,,,,,,,,,,,,,,,,,,,,,,,,,,,,,,,,7.08916702022547,,,,,,,,,,,,,,,,,,,,,,,,,,,,,,,,,,,,,,,,,,,,,,,,,,,,,,4.21157242691382,,,,,3.12072903292447,,,,,,
Canola oil,,,,,1.95215633770578,,,,,,,,,,,,,,,,,,,,,,,,,,,,,,,,,,,,,,,,,,,,,,,,,,,,,,,,,,,,,,,,,,,,,,,,,,,,,,,,,,,,,,,,,,,,,,3.66903519713099,,,,,,,,,,,,,,,,,,,,
Carrots,,,,,0.484259222646571,,,,,,,,,,,,,,,,,,,,,,,,,0.319442340461141,,,,0.372378103800704,,,,,,,,0.286164974337184,,,,,,,,,,,,,,,0.430266240132835,,,,,,,,,,,,,,,,,,,0.439873177611013,,,,,,,,,,,,,,,,,,,,,,,,,,,0.169445263189172,0.307016140660529,,,,,,,0.266102033350508,,,,,,,,
Cashew nuts,,,,,,,,,,,,,10.8653761396981,,,,,,,,,,,,,,,,,,,,,,,,,,,,,,,,,,,,,,,-3.44645072658087,,,,,,,,,,,,,,,,,,,,,,,,,,,,,,,,,,,,,,,,,,,,,,,,,,,,,,,,,,,,,,,,,,,
Cassava,,,1.75361964049516,1.02326656946733,,,,,,1.00585933878874,,,0.510404912432916,,7.74241176312456,0.653511406027527,1.62575770555647,2.30565408617315,,2.42397814782253,0.214239185319331,,1.8191575606115,1.20952720860827,2.19462521593114,1.20051333105045,,0.650176593996831,,,0.740409447952834,,0.224620056304002,,1.38592688641115,,,,,,,,1.28842517166109,,1.14666498330833,,,,1.46947912579848,1.45894956969584,,0.396748059016158,1.43788494395629,,,,,,0.792235736544971,,,0.927812294717526,,,1.56465362101126,0.866544388699323,,0.93183431166172,,,,,1.01589746386909,,,,,,,2.08157038834406,,,,0.743878863119378,2.55580196084341,0.593694709004789,,,,,,0.867977885932565,0.931761939526426,,7.27911075902971,,,1.39165424013827,,,0.856579907349243,2.02150232588993,,,0.571448901893442,2.29364738296165,,,0.440088164910997,,,1.9229393171017,,,,0.502929012598298,1.14272133143681,36.1814016617928,1.62354090119108
Cauliflower,,,,,0.659207777028296,,,,,,,,,,,,,,,,,,0.354013164340763,,,,,,,,,,,,,,,,,,,,,,,,,,,,,,,,,,,,,,,,,,,,,,,,,,,,,,,,,,,,,,,,,,,,,,,,,,,,,0.629290426943125,,,0.397238118896314,0.469313750098103,,,,,,,0.608389218828792,,,,,,,,
Celeriac,,,,,,,,,,,,,,,,,,,,,,,,,,,,,,,,,,,,,,,,,,,,,,,,,,,,,,,,,,,,,,,,,,,,,,,,,,,,,,,,,,,,,,,,,,,,,,,,,,,,,,,0.336983024980932,,,,,,,,1.47389005215463,,,,,,,,
Chestnuts,,,,,,,,,,,,,,,,,,,,,,,,,,,,,,,,,,,,,,,,,,,,,,,,,,,,,,,,,,,,,,,,,,,,,,,,,,,,,,,,,,,,,,,,3.5216172051941,,,,,,,,,,,,,,,,,,,,,,,,,,,,,,,
Chicken,,,,,15.6838131028579,,,,,,,,5.33369431707015,,,,,,5.80090828444799,,,,,,,,,,,,,,,,,,,,,,20.9889675472304,10.2942243863451,,,,,,,,,,,,,,,,,,,,,,,,,9.18723814915032,,,,,,,,,5.81918109564559,,,,,8.86062049782456,,,,,,,,,,5.62628053376615,,,,,,,,,,,,5.52509950201977,5.04895905948622,,,,,,,9.72810089658743,,,,,,19.5495751355538,,
"Chicken's eggs",,,,,,,,,,,,,,,,,,,2.99311337414192,,,,,,,,,,,8.44027162897757,,,,,,,,,,,,4.92589112101492,,,,,,,,,,,,,,,,,,,,,,,,,,,,,,,,,,3.66526023129024,,,,,,,,,,,,,,,,,,,,,,,,,,,4.20065981793894,,,,,,,,3.83901795451853,,5.90591677416795,,,,,,
Chickpeas,,,,,0.665679464645162,,,,,,,,,,,,,,1.17624007231912,,,,,,,,,,,,,,,,,,,,,,,,,,,,,,,,,,,,,,,,,,,,,,,,,,,,,,,,,,,,,,,,,,,,,,,,,,,,,,,,,,,,,,,,,,,,,,,,,,,,
Chicory,,,,,,,,,,,,,,,,,,,,,,,,,,,,,,,,,,,,,,,,,,,,,,,,,,,,,,,,,0.766835527199894,,,,,,,,,,,,,,,,,,,,,,,,,,,,,,,,,,,,,,,,,,,,,,,,,,,,,,,,,,,,,,
Chinese cabbage,,,,,,,,,,,,,,,,,,,,,,,0.244948609710115,,,,,,,,,,,,,,,,,,,,,,,,,,,,,,,,,,,,,,,,,,,,,,,,,,,,,0.328963195193087,,,,,,,,,,,,,,,,,,,,,,,,,,,,,,,,,,,,,,,,,,,
Chinese orange,,,,,,,,,,,,,,,,,,,,,,,0.410890790210925,,,,,,,,,,,,,,,,,,,,,,,,,,,,,,,,,,,,,,,,,,,,,,,,,,,,,,,,,,,,,,,,,,,,,,,,,,,,,,,,,,,,,,,,,,,,,,,,
Chinese pear,,,,,,,,,,,,,,,,,,,,,,,0.10977734315304,,,,,,,,,,,,,,,,,,,,,,,,,,,,,,,,,,,,,,,,,,,,,,,,,,,,,,,,,,,,,,,,,,,,,,,,,,,,,,,,,,,,,,,,,,,,,,,,
Chocolate,,,,,,,,,,,,,,,,,,,,,,,,,,,,,,,,,,,1.76615441471496,,,,,,,,,,-3.65820990378072,,,,,,,,,,,,,,,,,,,,,,,,,,,,,,,,,,,,,,,,,,,,,,,,,,,,,,,,,,,,,,,,,,,,,,,,,,
Citrus,,,,,,,,,,,,,,,,,,,,,,,,,,,,,,,,,,,,,,,,,,,,,,,,,,,,,,,,,0.421081807063719,,,,,,,,,,,,,,,,,,,,,,,,,,,,,,,,,,,,,,,,,,,0.584936221660417,,,,,,,,,,,,,,,,,,,
Clementine,,,,,,,,,,,,,,,,,,,,,,,,,,,,,,,,,,,,,,,,,,,,,,,,,,,,,,,,,,,,,,,,,,,,,,,,0.517224573204978,,,,,,,,,,,,,,,,,,,,,,,,,,,,,,,,,,,,,,,,,,,,,,,
Cocoa,,,,,,,,,,,,,10.7388153109185,,,,,,,,,,,11.6961075655295,,,,,,,4.88404474476789,,,,1.77097218205186,,,,,,,,,,1.99834152830407,,,,,,,,257.945180694588,,,,,,,,,,,,,,,,,,,,,,,,,,,,,,,,,,,,,,,,,,,,,,,,,,,,,,,,,,,,,,,,,,
Coffee beans,,,,,,,,,,,,,4.72722157915649,,,,,,,,,,,15.635633810844,,7.11659587739194,,,,,,,,,,,20.4738380953324,,,,,,,,,,,19.092370240413,,,,,84.5861917653725,,,,,,29.2905547679239,,,,,,,,,,,,,,,,,,,37.9299157392711,,,,,,,,,,,,,,,,,,,,,,,,,,,,,,,,,,,,,,,6.50923808332417,,
Common carp,,,,,,,,,,,,,,,,,,,,,,,,,,,,,,,,,,,,,,,,,,,,,,,,,,,,,5.51445706982734,,,,,,,,,,,,,,,,,,,,,,,,,,,,,,,,,,,,,,,,,,,,,,,,,,,,,,,,,,,,,,,,,,
"Common carp, tench, roach, perch, pike",,,,,,,,,,,,,,,,,,,,,,,,,,,,,,,,,,,,,,,,,,68.7187598071056,,,,,,,,,,,,,,,,,,,,,,,,,,,,,,,,,,,,,,,,,,,,,,,,,,,,,,,,,,,,,,,,,,,,,,,,,,,,,
"Common carp, tench, roach, perch, sander, pike",,,,,,,,,,,,,,,,,,,,,,,,,,,,,,,,,,,,,,,,,,38.9659671911632,,,,,,,,,,,,,,,,,,,,,,,,,,,,,,,,,,,,,,,,,,,,,,,,,,,,,,,,,,,,,,,,,,,,,,,,,,,,,
Courgette,,,,,1.60875910274899,,,,,,,,,,,,,,,,,,,,,,,,,,,,,,,,,,,,,,,,,,,,,,,,,,,,,,,,,,,,,,,,,,,,,,,,,,,,,,,,,,,,,,,,,,,,,,,,,,,,,,,,,,,,,,,,,,
Cow and buffalo milk,,,,,,,,,,,,,,,,,,,,,,,,,,,,,,,,,,,,,,,,,,,,,,,,,,,,2.859686133496,,,,,,,,,,,,,,,,,,,,,,,,,,,,,,,,,,,,,,,,,,,,,,,,,,,,,,,,,,,,,,,,,,,
"Cow's cheese",,,,,,,,,,,,,,,,,,,,,,,,,,,,,,,,,,,,,,,,,,29.5566603280705,,20.5797022809207,,,,,,,,,,,,,18.4768396148832,,,,,,,,,,,,,,,,,,,11.9783025166786,14.2987060456081,,,,,,,,,,,,,10.5208924017561,,,,,,,,,,,,,16.5332510953517,21.8011545854779,,,,,,,,,,,,,,,
"Cow's cheese (Cheddar)",,,,,,,,,,,,,,,,,,,,,,,,,,,,,,,,,,,,,,,,,,,,,,,,,,,,,,,,,,,,,,,,,,,,,,,,,,,,,,,,,,,,,,,,,,,,,,,,,,,,,,,,,,,,,,,,,16.0723047266444,,,,,,
"Cow's cheese (Emmental)",,,,,,,,,,,,,,,,,,,,,,,,,,,,,,,,,,,,,,,,,15.9623598878547,,,,,,,,,,,,,,,,,,,,,,,,,,,,,,,,,,,,,,,,,,,,,,,,,,,,,,,,,,,,,,,,,,,,,,,,,,,,,,
"Cow's cheese (Gouda)",,,,,,,,,,,,,,,,,,,,,,,,,,,,,,,,,,,,,,,,,,,,,,,,,,,,,,,,,,,,,,,,,,,,,,,,,,,,9.5822390205445,,,,,,,,,,,,,,,,,,,,,,,,,,,,,,,,,,,,,,,,,,,
"Cow's cheese (Mozzarella)",,,,,,,,,,,,,,,,,,,,,,,,,,,,,,,,,,,,,,,,,,,,,,,,,,,,,,,,,,,,,,,,,,,,,,,,,,,,,,,,,,,,,,,,,,,,,,,,,,,,,,,,,,,,,,,,,16.4912067288461,,,,,,
"Cow's milk",,,,,,2.23722328943462,,,2.70915279340306,,,,3.06854872566647,,,,,,3.36243257222982,,,,3.40625576324346,3.98388682226334,,,,,,,,,,2.67585791012763,,,,,,,,2.22547586035521,,2.23013285301445,,,,,,,,,,,1.69870836012362,,2.36411945329541,,3.66065723611457,,,,,,,,,,,2.7779710056771,,,,,,1.85310546304237,1.82101248859638,,,,2.85557003113151,,,,14.5770527604221,,,,,2.41316498938483,,,,,,,,,2.32856315962673,2.08995804309546,,,2.0445200581972,1.83899030095436,,,,,,,2.28817535880062,,1.87414488146609,,,,,,
Cucumber,,,,,0.961898646234453,,,,,,,,,,,,,,,,,,0.269561457773342,,,,,,,,,,,5.61004733948737,,,,,,,,,,,,,,,,,,,,0.528019342334831,,,,,,,,,,,,,,,,,,,,,,,,,,,,,,,,,,,,,,,,,,,,,,,,,,,,,,,,,,,,,,,,,
Duck,,,,,,,,,,,,,,,,,,,,,,,,,,,,,,,,,,,,,,,,,,14.1196424174588,,,,,,,,,,,,,,,,,,,,,,,,,,,,,,,,,,,,,,,,,,,,,,,,,,,,,,,,,,,,,,,,,,,,,,,,,,,,,
Endive,,,,,,,,,,,,,,,,,,,,,,,,,,,,,,,,,,,,,,,,,,,,,,,,,,,,,,,,,,,,,,,,,,,,,,,,,,,,,,,,,,,,,,,,,,,,,,,,,,,,0.476048064686218,,,,,,,,,,,,,,,,,,,
Extra virgin olive oil,,,,,,,,,,,,,,,,,,,,,,,,,,,,,12.3217403063548,,,,,,,,,,,,,,,,,3.35305077774473,,,,,,,,,,,1.88573830204748,,,,,,,,,,,,,,,,,,,,,,,,,,,,,,,,,,,,,,,,,,,6.07571877039553,,,,,,,,,,,,,,,,,,,
"Extra virgin olive oil (""GranFruttato"")",,,,,,,,,,,,,,,,,,,,,,,,,,,,,,,,,,,,,,,,,,,,,,,,,,,,,,,,,2.17611489034832,,,,,,,,,,,,,,,,,,,,,,,,,,,,,,,,,,,,,,,,,,,,,,,,,,,,,,,,,,,,,,
Faba beans,,,,,,,,,,,,,,,,,,,,,,,,,,,,,,,,,,,,,,,,,,2.0339617663331,,1.19247352568199,,,,,,,,,,,,,,,,,,,,,,,,,,,,,,,,,,,,,,,,,,,,,,,,,,,,,,,,,,,,,,,,,,,,,,,,,,,
Field beans,,,,,,,,,,,,,,,,,,,,,,,,,,,,,,,,,,,,,,,,,,,,,,,,,,,,,,,,,,,,,,,,,,,,,,,,,,,,1.97034337374957,,,,,,,,,,,,,,,,,,,,,,,,,,,,1.54937038759974,,,,,,,1.07848938455113,,,,,,,,
French and Sim beans,,,,,,,,,,,,,,,,,,,,,,,,,,,,,,,,,,,,,,,,,,,,,,,,,,,,,,,,,,,,,,,,,,,,,,,,,,,,,,,,,,,,,,,,,,,,,,,,,,,,,,,,,,,,,12.3481973878361,,,,,,,,,,
French beans and Runner beans,,,,,2.23349015890178,,,,,,,,,,,,,,,,,,,,,,,,,,,,,,,,,,,,,,,,,,,,,,,,,,,,,,,,,,,,,,,,,,,,,,,,,,,,,,,,,,,,,,,,,,,,,,,,,,,,,,,,,,,,,,,,,,
Giant giver prawn,,,,,,,,,,,,,48.5416443379818,,,,,,,,,,,,,,,,,,,,,,,,,,,,,,,,,,,,,,,,,,,,,,,,,,,,,,,,,,,,,,,,,,,,,,,,,,,,,,,,,,,,,,,,,,,,,,,,,,,,,,,,,,
Giant river prawn,,,,,,,82.7543624150757,,,,,,,,,,,,,,,,,,,,,,,,,,,,,,,,,,,,,,,,,,,,,,,,,,,,,,,,,,,,,,,,,,,,,,,,,,,,,,,,,,,,,,,,,,,,,,,,,,,,,,,,,,,,,,,,
Goat and kid meat,,,,,21.7819482872158,,,,,,,,,,,,,,,,,,,,,,,,,,,,,,,,,,,,,,,,,,,,,,,,,,,,,,,,,,,,,,,,,,,,,,,,,,,,,,,,,,,,,,,,,,,,,,,,,,,,,,,,,,,,,,,,,,
"Goat's milk",,,,,8.27078449323044,,,,,,,,,,,,,,,,,,,,,,,,,,,,,,,,,,,,,,,,,,,,,,,,,,,,,,,,,,,,,,,,,,,,,,,,,,,,,,,,,,,,,,,,,,,,,,,,,,,,,,,,,,,,,,,,,,
Goose (foie gras),,,,,,,,,,,,,,,,,,,,,,,,,,,,,,,,,,,,,,,,,,47.7018870582766,,,,,,,,,,,,,,,,,,,,,,,,,,,,,,,,,,,,,,,,,,,,,,,,,,,,,,,,,,,,,,,,,,,,,,,,,,,,,
Grass carp,,,,,,,,,,,,,,,,,,,,,,,24.2227420590562,,,,,,,,,,,,,,,,,,,,,,,,,,,,,,,,,,,,,,,,,,,,,,,,,,,,,,,,,,,,,,,,,,,,,,,,,,,,,,,,,,,,,,,,,,,,,,,,
"Grass carp, silver carp, big head carp, common carp, catfish",,,,,,,,,,,,,34.7814965145496,,,,,,,,,,,,,,,,,,,,,,,,,,,,,,,,,,,,,,,,,,,,,,,,,,,,,,,,,,,,,,,,,,,,,,,,,,,,,,,,,,,,,,,,,,,,,,,,,,,,,,,,,,
Green beans,,,,,,,,,,,,,,,,,,,,,,,0.496145962512878,,,,,,,,,,,,,,,,,,,,,,,,,,,,,,,,,,,,,,,,,,,,,,,,,,,,,,,,,,,,,,,,,,,,,,,,,,,,,0.524253389464455,,,,,,,,,,,,,,,,,,,
Hazelnuts,,,,,,,,,,,,,,,,,,,,,,,,,,,,,,,,,,,,,,,,,,,,,,,,,,,,,,-8.08835944719295,,,3.04952347626301,,,,,,,,,,,,,,,,,,,,,,,,,,,,,,,,,,,,,,,,,,,,,,,,,,,,,,,,,,,,,,
Hokkaido pumpkins,,,,,,,,,,,,,,,,,,,,,,,,,,,,,,,,,,,,,,,,,,,,0.138889406233024,,,,,,,,,,,,,,,,,,,,,,,,,,,,,,,,,,,,,,,,,,,,,,,,,,,,,,,,,,,,,,,,,,,,,,,,,,,
Iceberg lettuce,,,,,,,,,,,,,,,,,,,,,,,,,,,,,,,,,,,,,,,,,,,,,,,,,,,,,,,,,,,,,,,,,,,,,,,,,,,,,,,,,,,,,,,,,,,,,,,,,,,,,,,0.409414384140048,,,,,,,,,,0.639675170264869,,,,,,
Jasmine rice,,,,,,,,,,,,,,,,,,,,,,,,,,,,,,,,,,,,,,,,,,,,,,,,,,,,,,,,,,,,,,,,,,,,,,,,,,,,,,,,,,,,,,,,,,,,,,,,,,,,,,,,,9.32794068876798,,,,,,,,,,,,,,
Kiwi,,,,,,,,,,,,,,,,,,,,,,,,,,,,,,,,,,,,,,,,,,,,,,1.30452786142728,,,,,,,,0.514886873035308,,,0.668025124043237,,,,,,,,,,,,,,,,,,,,0.80887231786591,,,,,,,,,,,,,,,,,,,,,,,,,,,,,,,,,,,,,,,,,,
Lamb,,,,,45.1857095943558,,,,,,,,,,,,,,,,,,,,,,,,,,,,,,,,,,,,,72.1424160941357,,,,,,,,,,,,,,,,,,,,,,,,,,,,,,,,,,61.124100381932,24.4806492567779,,,,,,,,,,,,,,,,,,,,,,,,,,,,,,,,,,29.0695298872242,,,,,,,,
Lamb and mutton,,,,,36.9840123785628,,,,,,,,,,,,,,,,,,,,,,,,,,,,,,,,,,,,,,,,,,,,,,,,,,43.1158870617048,,,,,,,,,,,,,,,,,,,,,,47.3446925099836,,,,,,,,,,,,,,,,,,,,,,,,,,37.0412422363757,,,,,,,,45.7130120125998,,,,,,,,
Lambs lettuce,,,,,,,,,,,,,,,,,,,,,,,,,,,,,,,,,,,,,,,,,,,,,,,,,,,,,,,,,3.00069831072619,,,,,,,,,,,,,,,,,,,,,,,,,,,,,,,,,,,,,,,,,,,,,,,,,,,,,,,,,,,,,,
Leeks,,,,,,,,,0.345104319810039,,,,,,,,,,,,,,,,,,,,,,,,,,,,,,,,,,,,,,,,,,,,,,,,,,,,,,,,,,,,,,,,,,,0.50690856580516,,,,,,,,,,,,,,,,,,,,,,,,,,,0.316477379056524,,,,,,,,,,,,,,,,
Lemons,,,,,,,,,,,,,,,,,,,,,,,,,,,,,,,,,,,,,,,,,,,,,,,,,,,,,,,,,0.871040017914596,,,,,,,,,,,,,,,,,,,,,,,,,,,,,,,,,,,,,,,,,,,0.316054340462554,,,,,,,,,,,,,,,,,,,
Lentils,,,,,,,,,,,,,,,,,,,1.09550668723401,,,,,,,,,,,,,,,,,,,,,,,,,,,,,,,,,,,3.93186278404958,,,,,,,,,,,,,,,,,,,,,,,,,,,,,,,,,,,,,,,,,,,,,,,,,,,,,,3.09363620240494,,,,,2.44566726979497,,,,,,
Lettuce,,,,,0.39782305105674,,,,,,,,,,,,,,,,,,,,,,,,,,,,,,,,,,,,,,,,,0.465035860641105,,,,,,,,,,,0.665328096980633,,,,,,,,,,,,,,,,,,,0.654703650898863,,,,,,,,,,,,,,,,,,,,,,,,0.629231015707941,,,,,1.08540520978972,,,,11.96503437312,,1.10230379024599,,0.995288512250193,,,,,,
Long grain rice,,,,,,,,,,,,,,,,,,,,,,,,,,,,,,,,,,,,,,,,,,,,,,,,,,,,,,,,,1.6616350864531,,,,,,,,,,,,,,,,,,,,,,,,,,,,,,,,,,,,,,,,,,,,,,,,,,,,,,,,,,,,,,
Lupins,,,,,1.49926505223197,,,,1.18748133000889,,,,,,,,,,,,,,,,,,,,,,,,,,,,,,,,,,,1.305418907191,,,,,,,,,,,,,,,,,,,,,,,,,,,,,,,,,,,,,,,,,,,,,,,,,,,,,,,,,,,,,,,,,,,,,,,,,,,
Maize,,,27.3714017166182,1.44628212855047,1.06655888872656,,,3.47207465134862,0.885564434981107,,1.2768161738712,,1.44693026187602,,,3.60873568395296,7.18389339074923,12.3566387245072,0.712332712648495,8.05309509447819,,,1.0112003761487,,,1.97358251247757,,3.16472318056583,0.899919421707368,,0.738644866648673,,,0.934067157165399,,1.5191147058649,1.09900048196744,0.67444348071297,,7.99193106860679,,0.793261374687231,5.44690216127448,0.908521351408777,,,,,,,0.970664761758395,3.60359360485608,,0.983863288568102,,,0.955955905037964,,4.55906665887609,1.08081483707455,,,,,9.50751658063777,2.35909176099865,,3.42751966291071,,0.939644567727809,,,6.10450776912167,1.75661073383445,,,,,,0.720876213040965,,,4.04485989869637,,2.93026605264038,1.17782340571996,2.18033488504093,0.736553561085963,1.03943762804275,1.09821089249337,3.08005073939452,5.43026864895243,3.1069031257294,0.920845255955799,12.7197004377977,,1.04282784806117,5.23442755662037,0.877813050353,,3.50565382731705,,,1.17369509177799,1.03770159178659,9.14573986747475,,,4.95820727050454,2.37207021625546,0.829081921297409,10.0383227256558,1.32234951167235,,0.915193407201249,2.17612278406867,,72.2763845755937,4.40520679290268
Mandarin,,,,,,,,,,,,,,,,,,,,,,,,,,,,,,,,,,,,,,,,,,,,,,,,,,,,,,,,,,,,,,,,,,,,,,,,,,,,,,,,,,,,,2.65581071376258,,,,,,,,,,,,,,,0.395957276835905,,,,,,,,,,,,,,,,,,,
"Mandarins, Oranges",,,,,,,,,,,,,,,,,,,,,,,,,,,,,,,,,,,,,,,,,,,,,,,,,,,,,,,,,,,,,,,,,,,,,,,,,,,,,,,,,,,,,,,,,,,,,,,,,,,,0.348562996520844,,,,,,,,,,,,,,,,,,,
Melon,,,,,0.658659718131854,,,,,,,,,,,,,,,,,,,,,,,,,,,,,,,,,,,,,,,,,,,,,,,,,,,,,,,,,,,,,,,,,,,,,,,,,,,,,,,,,,,,,,,,,,,,,,,0.552019533954337,,,,,,,,,,,,,,,,,,,
"Milk for cow's cheese (Cheddar)",,,,,,,,,,,,,,,,,,,,,,,,,,,,,,,,,,,,,,,,,,,,,,,,,,,,,,,,,,,,,,,,,,,,,,,,,,,,,,,,,,,,,,,,,,,,,,,,,,,,,,,,,,,,,,,,,17.1216176508013,,,,,,
Mutton,,,,,31.9744865858239,,,,,,,,,,,,,,,,,,,,,,,,,,,,,,,,,,,,,,,,,,,,,,,,,,,,,,,,,,,,,,,,,,,,,,,,,,,,,,,,,,,,,,,,,,,,,,,,,,,,,,,,,,,,,,,,,,
Nectarines,,,,,,,,,,,,,,,,,,,,,,,,,,,,,,,,,,,,,,,,,,,,,,,,,,,,,,0.251896989101512,,,,,,,,,,,,,,,,,,,,,,,,,,,,,,,,,,,,,,,,,,,,,,,,,,,,,,,,,,,,,,,,,
Oats,,,,,0.881907517944519,,,,,,,,,,,,,,0.878396301624378,,,,,,,,,,,,,,,,,,,,,,1.08552547703156,,,,,,,,,,,,,,,,,,,,,,,,,,,,,,,,,,,,,,,,2.20634691594096,,,,,,,1.80968639233058,,,,,,,,,,,,,,,1.3512994683929,,,,,,,,,,3.30158745874964,,,,,,
Olive oil,,,,,,,,,,,,,,,,,,,,,,,,,,,,,,,,,,,,,,,,,,,,,,,,,,,,,,3.31597594909556,,,,,,,,,,,,,,,,,,,,,,,,,,,,,,,,,,,,,,,,,,,,,,,,,,,,,,,,,,,,,,,,,
Olives,,,,,,,,,,,,,,,,,,,,,,,,,,,,,,,,,,,,,,,,,,,,,,5.13530277792496,,,,,,,,,,,5.76502385793414,,,,,,,,,,,,,,,,,,,,,,,,,,,,,,,,,,,,,,,,,,,4.22220533075696,,,,,,,,,,,,,,,,,,,
Onions,,,,,0.479445300691018,,,,,,,,,,,,,,,,,,0.355179867074419,,,,,,,0.305375169333035,,,,0.255596209952474,,,,,,,,,,,,,,,,,,0.768352057794071,,,,,,,,,,,,,,,,,,,,,,,,0.713836547220201,0.374137323365771,,,,,,,,,,,,,,,,,,,,,,,0.417341379980207,,,0.175612206445675,0.330641822497383,,,,,,,0.317702614752415,,0.368997981347196,,,,,,
Oranges,,,,,,,,,,,,,0.331388246127362,,,,,,,,,,0.227937502776352,,,,,,,,,,,,,,,,,,,,,,,,,,,,,,,0.433320821680305,,,0.935182809417727,,,,,,,,,,,,,,,,,,,,,,,,,,,,,,,,,,,,,,,,,,,0.265444011244875,,,,,,,,,,,,,0.52453991341494,,,,,,
Pakchoi,,,,,,,,,,,,,,,,,,,,,,,0.926650660389159,,,,,,,,,,,,,,,,,,,,,,,,,,,,,,,,,,,,,,,,,,,,,,,,,,,,,,,,,,,,,,,,,,,,,,,,,,,,,,,,,,,,,,,,,,,,,,,,
Palm fruit,,,,,,,,,,,,,5.13304701699317,,,,,,,,,,,,,,,,,,,,,,,,,,,,,,,,,,,,,,,,9.00217084385275,,,,,,,,,,,,,,5.34483294603435,,,,,,,,,,,,,,,,,,,,,,,,,,,,,,,,,,,,,,,,,,,,,,,,,,,,
Palm oil,,,,,,,,,,,,,3.61339267526828,,,,,6.67115217633447,,,,,,2.5576223369036,,,,,,,,,,,,,,,,,,,,,,,,,,,,,7.38740722962809,,,,,,,,,,,,,,3.36727893633652,,,,,,,,,,,,,,,,,,,,,,,,,,,,,,,,,,,,,,1.01697807803821,,,,,,,,,,,,,,
Pangasius,,,,,,,,,,,,,,,,,,,,,,,,,,,,,,,,,,,,,,,,,,,,,,,,,,,,,,,,,,,,,,,,,,,,,,,,,,,,,,,,,,,,,,,,,,,,,,,,,,,,,,,,,,,,,,,,,,,,,12.7511103215632,,
Parsnip,,,,,,,,,,,,,,,,,,,,,,,,,,,,,,,,,,,,,,,,,,,,,,,,,,,,,,,,,,,,,,,,,,,,,,,,,,,,,,,,,,,,,,,,,,,,,,,,,,,,,,,0.363127614687358,,,,,,,,,,,,,,,,
Peach / Nectarine,,,,,,,,,,,,,,,,,,,,,,,,,,,,,,,,,,,,,,,,,,0.624481348497057,,,,,,,,,,,,,,,,,,,,,,,,,,,,,,,,,,,,,,,,,,,,,,,,,,,,,,,,,,,,,,,,,,,,,,,,,,,,,
Peaches,,,,,,,,,,,,,,,,,,,,,,,0.634785067692264,,,,,,,,,,,,,,,,,,,,,,,0.588231091289355,,,,,,,,,,,0.700548195818266,,,,,,,,,,,,,,,,,,,,,,,,,,,,1.68286658547988,,,,,,,,,,,,,,0.603695337317169,0.560159729637775,,,,,,,,,,,,,,,,,,,
Peanuts,,,,6.18046374825209,1.89417287792885,,,,,,,,5.57040173153298,,,,,,,,,,1.69902236832814,,,,,,,,,,,,,,,,,,,,,,,,,,,,,3.62087786407153,,1.32269020788457,,,,,,,,,,,,,,,,,,,,,,,,,,,,,,,,,,,,,,,,,,,,,,,,,,,,,,,,,,,1.95559143528736,,,,,,
Pears,,,,,,,,,,,,,,,,,,,,,,,0.419575159463619,,,,,,,,,,,,,,,,,,,,,,,,,,,,,,,,,,0.798852682236324,,,,,,,,,,,,,,,,,,,,,,,,,,,,,,,0.376098557519265,,,,,,,,,,,,,,,,0.439424932082919,,,,,,,,,,,,,,,
Peas,,,,,1.99685102094574,,,,0.920059576466297,,,,,,,,,,0.715086594416596,,,,,,,,,,,,,,,,,,,,,,,0.583985938406722,,1.22334469131373,,,,,,,,,,,,,,,,,,,,,,,,,,,,,,,,1.88856028724127,,,,,,,,,,,,1.69681189128378,,,,,,,,,,,,1.60444447272234,,,1.38233386850927,1.25277095523533,,,,,,,,,,,,,,,
Peeled oats,,,,,,,,,0.768920959371415,,,,,,,,,,,,,,,,,,,,,,,,,,,,,,,,,,,,,,,,,,,,,,,,,,,,,,,,,,,,,,,,,,,0.964534001224672,,,,,,,,,,,,,,,,,,,,,,,,,,,,,,,,,,,,,,,,,,,
Pigeon peas,,,,,,,,,,,,,,,,,,,,,,,,,,,,,,,,,,,,,,,,,,,,,,,,,,,,1.28511665237449,,,,,,,,,,,,,,,,,,,,,,,,,,,,,,,,,,,,,,,,,,,,,,,,,,,,,,,,,,,,,,,,,,,
Pineapples,,,,,,,,,,,,,,,,,,,,,,,,,,0.447234558439208,,,,,,,,,,,,,,,,,,,0.587183253841586,,,,,,,,,,,,,,,,,,,,,,,,,,,,,,,,,,,,,,,,,,,,,,,,,,,,,,,,,,,,,,,,,,,,,,,,,,
Pistachios,,,,,,,,,,,,,,,,,,,,,,,,,,,,,,,,,,,,,,,,,,,,,,3.5680337253806,,,,,,,,,,,,,,,,,,,,,,,,,,,,,,,,,,,,,,,,,,,,,,,,,,,,,,,,,,,,,,,,,,,-4.08697905163217,,,,,,
Pork,,,,,16.5929261582767,10.9900408232804,,,,,,,8.60108544598978,,,,,,8.74446223369764,,,,,,,,,20.676478038591,,,,,,9.5440600847848,,,,,,,,10.2225314006839,,9.57727866889829,,,,,,,,,,,,,12.3793646299262,,,,,,,,,,,,,18.1316146533753,,,,,,9.83753417805241,,,,,,,,,,,,10.323700527007,,,,,,,,,,,,12.3230355349444,,,15.7439158093991,11.5860632139849,,,,,,,7.05644574918171,,12.0325618680287,,,,27.6457564422401,,
Potatoes,,,,,0.618158964409108,,,,,,,,,,,,,,,,,0.256191971040622,0.519630075753992,,,,,,0.427882381717152,0.328615880477075,,,,0.371641418625614,,,,,,,,0.334164916382591,,0.454677949479416,,,,,,,,0.575458602770957,,0.546824490472644,,0.564859154867969,,0.376962544805049,,,,,,,,,,,,,,,,,,0.487824261385868,,,,,0.494461583663008,,,,1.6273269539589,,0.701035040662683,,,,0.379026422301446,,,,,,,,,0.327131516299762,,,0.436546075845851,0.323841646648277,,,,,,0.463425604354941,0.390465823031361,,0.404944893778414,,,,,,
Pumpkins,,,,,0.953117404364737,,,,,,,,,,,,,,,,,,,,,,,,,,,,,,,,,,,,,,,,,,,,,,,,,,,,,,,,,,,,,,,,,,,,,,,,,,,,,,,,,,,,,,,,,,,,,,,,,,,,,,,,,,,,0.397682102317682,,,,,,
Rainbow trout,,,,,,,,,,,,,,,,,,,,,,,,,,,,,,,,,,,,,,,,,,10.6275315569799,,,,,,,,,,,,5.2053389345671,,,,,,,,,,,,,,,,,,,,,,,,,,,,,,,,,,,,,,,,,,,,,,,,,,,,,,,,,,,,,,,,,
Rapeseed,,,,,,,,,,,,,,,,,,,,,,2.76203656720511,,,,,,,,,,,,4.94884858458589,,,,,,,,4.12588138859216,,3.3520953947942,,,,,,,,,,,,,3.1372517987227,,,,,,,,,,,,,,,,,,,,,,,,6.15530240198542,,,,,,3.92398527693249,,,,,,,,,,,,,,,,,,,,,,,,3.43493439258553,,,,,,,,
Rapeseed oil,,,,,7.82611535022208,,,,3.41405609596624,,,,,,,,,,,,,,3.83742851690572,,,,,,,,,,,3.60301238277875,,,,,,,,2.27420120226678,,3.08093256903628,,,,,,,,,,,3.35786138845553,,3.77299729924698,,,,,,,,,,,,,,,,,,,,,,,,,,,,,,4.30721725649661,,,3.27708018412359,,,,,,,,,,4.42922790774142,,,6.30814331007823,,,,,,,,2.64189019292221,,,,,,,,
Raspberries,,,,,,,,,,,,,,,,,,,,,,,,,,,,,,,,,,,,,,,,,,,,,,,,,,,,,,,,,,,,,,,,,,,,,,,,,,,,,,,,,,,,,,,,,,,,,,,,,,,,8.29515738613849,,,,,,,,,,,8.40853607094575,,,,,,,,
Red wine,,,,,,,,,,,,,,,,,,,,,,,,,,,,,,,,,,,,,,,,,,,,,,,,,,,,,,,,,1.6446975382232,,,,,,,,,,,,,,,,,,,,,,,,,,,,,,,,,,,,,,,,,,,1.64805269719398,,,,1.14733797839236,,,,,,,,,,,,,,,
Rice,,,,,,,,,,,,,,,,,,,,,,,3.7566467149962,,,,,,,,,,,,,,,,,,,,,,,,,,,,,8.43762996900265,,3.11530658494105,,,4.43385727125262,3.58476489580618,,,,,,,,,,,,,,,,,,,,,,,,,,,,3.99796357004414,,,,,,,,,,,,,,3.79991979848373,,,,,,,,,,,,,2.62568588379121,,,,4.19769752039267,,
Runner beans,,,,,,,,,,,,,,,,,,,,,,,,,,,,,,,,,,,,,,,,,,,,,,1.12916655667147,,,,,,,,,,,,,11.9968006983627,,,,,,,,,,,,,,,,,,,,,,,,,,,,,,,,,,,,,,,,,,,,,,,,,,,,1.15457612402147,,,,,,,,
Rye,,,,,,,,,,,,,,,,,,,,,,,,,,,,,,1.02457415373791,,,,,,,,,,,2.89095566054382,,,0.906251126354557,,,,,,,,,,,,,,,,,,,,,,,,,,,,,,,,,,,,,1.58850774212386,,,,,,1.04093300523788,,,,,,,,,,,,,,,,,,,,,,,,,,,,,,,,
Salmon,,,,,,,,,,,,,,,,,,,,,,,,,,,,,,,,,,,,,,,,,,8.14004236664064,,,,,,,,,,,,,,,,,,,,,,,,,,,,,,,,,,,,,,,7.50702875379881,,,,,,,,,,,,,,,,,,,,,,,,,,,,,,8.68709638144132,,,,,,,,
Savoy cabbage,,,,,,,,,,,,,,,,,,,,,,,,,,,,,,,,,,,,,,,,,,,,,,,,,,,,,,,,,,,,,,,,,,,,,,,,,,,,,,,,,,,,,,,,,,,,,,,,,,,,,,,,,,,,,,,0.759870934487117,,,,,,,,
Sea bass,,,,,,,,,,,,,,,,,,,,,,,,,,,,,,,,,,,,,,,,,,,,,,,,,,,,,,,,,,,,,,,,,,,,,,,,,,,,,,,,,,,,,,,,,,,,,,,,,,,,,,,,,,,28.9181385132307,,,,,,,,,,,,
"Sea bass, sea bream",,,,,,,,,,,,,,,,,,,,,,,,,,,,,,,,,,,,,,,,,,13.274815095027,,,,,,,,,,,,,,,,,,,,,,,,,,,,,,,,,,,,,,,,,,,,,,,,,,,,,,,,,,,,,,,,,,,,,,,,,,,,,
"Sheep's milk",,,,,6.79387520337932,,,,,,,,,,,,,,,,,,,,,,,,,,,,,,,,,,,,,,,,,,,,,,,,,,,,2.36142130120466,,,,,,,,,,,,,,,,,,,,,,,,,,,,,,,,,,,,,,,,,,,,,,,,,,,,,,,,,,,,,,
Shrimp,,,,,,,,,,,,,,,,,,,,,,,12.9322082009053,,,,,,,,,,,,,,,,,,,,,,,,,,,,,,,,,,,,,,,,,,,,,,,,,,,,,,,,,,,,,,,,,,,,,,,,,,,,,,,,,,21.8494381449343,,,,,,,,,,,,13.9794251854504,,
Soft wheat,,,,,,,,,,,,,,,,,,,,,,,,,,,,,,,,,,,,,,,,,,1.09397898897667,,,,,,,,,,,,,,,,,,,,,,,,,,,,,,,,,,,,,,,,,,,,,,,,,,,,,,,,,,,,,,,,,,,,,,,,,,,,,
Soybean oil,,,,7.71941218342138,,,,,,,,,4.44839568529586,,,,,,,,,,3.03142107983524,,,,,,,,,,,,,,,,,,,,,,,,,,,,,,,3.43100471622332,,,,,,,,,,,,,,,,,,,,,,,,,,,,,,,,,,,,,,,,,,,,,3.90870908539175,,,,,,,,,,,,,,2.87188443890315,,,,,,
Soybeans,,,,0.944680299662011,,,,,,,,,1.33097933837927,,,,,,0.708310385622043,,,,0.71283638298128,,,,,,,,,,,,,,,,,,,,,,,,,,,,,1.7980559478697,,0.815160330347906,,,,,,,,,,,,,,,,,,,,,,,,,,,,,,,,,,,,,,,,,,,,,,,,,,0.856056552118506,0.730447546495871,,,,,,,,0.856069398874714,,,,,,
Spring Wheat,,,,,,,,,,,,,,,,,,,,,,,,,,,,,,,,,,,,,,,,,,,,,,,,,,,,,,,,,,,,,,,,,,,,,,,,,,,,2.74395234229675,,,,,,,,,,,,,,,,,,,,,,,,,,,,,,,,,,,,,,,,,,,
Spring barley,,,,,,,,,,,,,,,,,,,1.04645924796115,,,,,,,,,,,,,,,1.11688749202686,,,,,,,,1.04754487430017,,,,,,,,,,,,,,,,,,,,,,,,,,,,,,,,,,,,,,,,,,,,,,,,,,,,,,,,,,,,,,,,,,,,,1.03360104044539,,,,,,,,
Spring bread wheat,,,,,,,,,,,,,,,,,,,,,,,,,,,,,,,,,,,,,,,,,,,,,,,,,,,,,,,,,,,,,,,,,,,,,,,,,,,,,,,,,,,,,,,,,,,,,,,,,,,,,,,,,,,,,,,0.982298148332633,,,,,,,,
Spring faba beans,,,,,,,,,,,,,,,,,,,,,,,,,,,,,,,,,,,,,,,,,,1.30157706856499,,,,,,,,,,,,,,,,,,,,,,,,,,,,,,,,,,,,,,,,,,,,,,,,,,,,,,,,,,,,,,,,,,,,,,,,,,,,,
Spring onions,,,,,,,,,,,,,,,,,,,,,,,,,,,,,,,,,,,,,,,,,,,,,,,,,,,,,,,,,,,,,,,,,,,,,,,,,,,,,,,,,,,,,,,,,,,,,,,,,,,,,,,,,,,,,,,0.446708861113768,,,,,,,,
Spring peas,,,,,,,,,,,,,,,,,,,0.618150709453506,,,,,,,,,,,,,,,,,,,,,,,0.537320462681748,,,,,,,,,,,,,,,,,,,,,,,,,,,,,,,,,,,,,,,,,,,,,,,,,,,,,,,,,,,,,,,,,,,,,,,,,,,,,
Spring rapeseed,,,,,,,,,,,,,,,,,,,,,,,,,,,,,,,,,,,,,,,,,,,,,,,,,,,,,,,,,,,,,,,,,,,,,,,,,,,,,,,,,,,,,,,,,,,,,,,,,,,,,,,4.84179852477573,,,,,,,,,,,,,,,,
Spring wheat,,,,,,,,,,,,,,,,,,,1.17149918197398,,,,,,,,,,,,,,,,,,,,,,2.10870269614393,,,,,,,,,,,,,,,,,,,,,,,,,,,,,,,,,,,,,,,,2.02550939052936,,,,,,,,,,,,,,,,,,,,,,,1.2289671560278,,,,,,,,,,,,,,,
Strawberries,,,,,,,,,,,,,,,,,,,,,,,,,,,,,,,,,,,,,,,,,,,,,,,,,,,,,,1.60221898822483,,,,,,,,,,,,,,,,,,,,,,0.754361294232337,,,,,,,,,1.4864577464248,,,,,,,,,,,,,,,1.03183162790851,,,0.620414222501945,0.463123310946498,,,,,,,1.79452003981251,,2.67564190419526,,,,,,
Sugar,,,,2.37888359568172,1.03754728121677,,,,,,,,3.98178487623546,,,,,,,,,,2.3500031949327,,,,,,,,,,,,,,,,,,,,,1.60657706537351,,,,,,,,1.12312409037284,4.75475940239516,,,,,3.07264269127753,,,,,,,,2.14476923860593,,,1.45450753194695,2.45249309134411,,,,,3.96311351467876,1.94212183467369,,,,,,2.62184162621714,,,,,,,,,,,,,,,,,1.0517160684114,,,0.967612725649283,1.61419929255738,,0.681279453227925,,,,,,,,1.69162452904282,,,,,47.5816627944414,
Sugar beet,,,,,,,,,,,,,,,,,,,,,,,,,,,,,2.01982099768399,,,,,,,,,,,,,1.5359206446959,,,,,,,,,,,,1.9722771695032,,,,1.99646899515043,,,,,,,,,,,,,,,,,,2.09608235769293,,,,,,,,,,,,,,,,,,,,,,,,,,,,1.76839591381165,,,,,,,1.77087758841831,,1.92756942829067,,,,,,
Sugar cane,,,,,,,,,,,,,4.60665790427604,,,,,,,,,,,,,,,,,,,,,,,,,,,,,,,,,,,,,,,1.89880441634066,8.61533415999311,2.16098983332266,,,,2.23393991805558,,,,,,,,,,,,5.5294157670207,,,,,,,,,,,,,,,,,,,,,,,,,,,,,,,,,,,1.92227635149608,,,,,,,4.47912697500399,,,,,,,
Summer barley,,,,,,,,,,,,,,,,,,,,,,,,,,,,,,,,,,,,,,,,,,,,,,,,,,,,,,,,,,,,,,,,,,,,,,,,,,,,,,,,,,,,,,,,,,,,,,,,,,,,,,,,1.06186995645002,,,,,,,,,,,,,,,
Summer maize,,,,,,,,,,,,,,,,,,,,,,,0.875374681774843,,,,,,,,,,,,,,,,,,,,,,,,,,,,,,,,,,,,,,,,,,,,,,,,,,,,,,,,,,,,,,,,,,,,,,,,,,,,,,,,,,,,,,,,,,,,,,,,
Summer malting barley,,,,,,,,,,,,,,,,,,,,,,,,,,,,,,,,,,,,,,,,,,1.02759339210829,,,,,,,,,,,,,,,,,,,,,,,,,,,,,,,,,,,,,,,,,,,,,,,,,,,,,,,,,,,,,,,,,,,,,,,,,,,,,
Sunflower oil,,,,,,,,,,,,,,,,,,,,,,,,,,,,,,,,,,,,,,,,,,,,,,,,,,,,,,,,,4.51744163323589,,,,,,,,,,,,,,,,,,,,,,,,,,,,,,,2.13870746057067,,,,,,,,,,,3.91479754571284,3.4104629446671,,,,,,,,,,3.04250885818981,,,,,,,,,
Sunflower seeds,,,,2.39671517982289,,,,,,,,,7.73485651720066,,,,,,,,,4.48086061961475,4.34276955099486,,,,,,,,,,,,,,,,,,,2.22503004402046,,2.59641023755383,,,,,,,,,,,,,4.09566931526568,,,,,,,,,,,,,,,,,,,,,,,,,,,,,,,,,,,,,,,,,,,3.66802443046883,,,,3.79731851274151,,,,,,4.17805502658696,,,,,,,,,
Swede,,,,,,,,,,,,,,,,,,,,,,,,,,,,,,,,,,,,,,,,,,,,,,,,,,,,,,,,,,,,,,,,,,,,,,,,,,,,,,,,,,,,,,,,,,,,,,,,,,,,,,,0.194752011554124,,,,,,,,,,,,,,,,
Sweet cherries,,,,,,,,,,,,,,,,,,,,,,,,,,,,,,,,,,,,,,,,,,,,,,1.02410394568894,,,,,,,,,,,,,,,,,,,,,,,,,,,,,,,,,,,,,,,,,,,,,,,,,,,,,,,,,,,,,,,,,,,,,,,,,
Sweet potatoes,,,,,,,,,,,,,,,,,,,,,,,0.448735003661821,,,,,,,,,,,,,,,,,,,,,,,,,,,,,,,,,,,0.763030606324026,,,,,,,,,,,,,,,,,,,,,,,,,,,,0.289290659842959,,,,,,,,,,,,,,,,,,,,,,,,,,,0.447801646910985,,,,,,
Tambaqui,,,,,,,,,,,,,,,,,,,,,,,,,,,,,,,,,,,,,,,,,,,,,,,,,,,,,,,,,,,,,,,,,,,,,,,,,,,,,,,,,,,,,31.377190126316,,,,,,,,,,,,,,,,,,,,,,,,,,,,,,,,,,
Tangerine,,,,,,,,,,,,,,,,,,,,,,,1.9095701994994e-02,,,,,,,,,,,,,,,,,,,,,,,,,,,,,,,,,,,,,,,,,,,,,,,,,,,,,,,,,,,,,,,,,,,,,,,,,,,,,,,,,,,,,,,,,,,,,,,,
Tiger prawn,,,,,,,17.5071117124156,,,,,,,,,,,,,,,,,,,,,,,,,,,,,,,,,,,,,,,,,,,,,,,,,,,,,,,,,,,,,,,,,,,,,,,,,,,,,,,,,,,,,,,,,,,,,,,,,,,,,,,,,,,,,,17.2557966363663,,
Tilapia,,,,,,,,,,,,,,,,,,,,,,,14.2335277240547,,,,,,,,,,,,,,,,,,,,,,,,,,,,,,20.5842178562032,,,,,,,,,,,,,,,,,,,,,,,,,,,,,,,,31.0532917213488,,,,,,,,,,,,,,,,,,,,20.0797830606169,,,,,,,,,,,,,,
"Tilapia, African catfish",,,,,,,,,,,,,,,,,,87.7782730555487,,,,,,,,,,,,,,,,,,,,,,,,,,,,,,,,,,,,,,,,,,,,,,,,,,,,,,,,,,,,,,,,,,,,,,,,,,,,,,,,,,,,,,,,,,,,,,,,,,,,,
"Tilapia, kissing gourami, giant gourami, silver barb, common carp, silver carp, striped cat?sh",,,,,,,,,,,,,,,,,,,,,,,,,,,,,,,,,,,,,,,,,,,,,,,,,,,,,,,,,,,,,,,,,,,,,,,,,,,,,,,,,,,,,,,,,,,,,,,,,,,,,,,,,,,,,,,,,,,,,35.1486774898337,,
Tomatoes,,,,,0.757144306442561,1.68931302579053,,,,9.77680989121323,,,,,,,,,4.22803850240864,,,,0.446679884542092,0.650479719583328,,,,,,0.632101428576446,,,,4.54077792137281,,,,,,,,2.64295748131445,,,,,,,,,1.03385784706233,,,0.772798958364615,,,0.876144669074619,,,,,,,,,,,,,,,0.724829702853154,,,,2.89748117687281,,,,,,,,,,,,,,,,,,,,,,,,0.866903188456349,,,3.57024467806618,1.5159404587446,,,,0.372228369023558,,,2.95516434104044,,0.667045514667981,,,,,,
Tomatoes (baby plum),,,,,,,,,,,,,,,,,,,,,,,,,,,,,,,,,,,,,,,,,,,,,,,,,,,,,,,,,,,,,,,,,,,,,,,,,,,,,,,,,,,,,,,,,,,,,,,,,,,,3.67270203987682,,,,,,,,,,,6.68089044700246,,,,,,,,
Tomatoes (loose classic),,,,,,,,,,,,,,,,,,,,,,,,,,,,,,,,,,,,,,,,,,,,,,,,,,,,,,,,,,,,,,,,,,,,,,,,,,,,,,,,,,,,,,,,,,,,,,,,,,,,0.820349554211979,,,,,,,,,,,2.56334503137248,,,,,,,,
Tomatoes (round/globe),,,,,,,,,,,,,,,,,,,,,,,,,,,,,,,,,,,,,,,,,,,,,,,,,,,,,,,,,,,,,,,,,,,,,,,,,,,,,,,,,,,,,,,,,,,,,,,,,,,,0.831215172321772,,,0.580867098724825,,,,,,,,,,,,,,,,
Tomatoes (vine),,,,,,,,,,,,,,,,,,,,,,,,,,,,,,,,,,,,,,,,,,,,,,,,,,,,,,,,,,,,,,,,,,,,,,,,,,,,,,,,,,,,,,,,,,,,,,,,,,,,1.22051370273127,,,,1.45278860564749,,,,,,,5.83916133630884,,,,,,,,
Trout,,,,,,,,,,,,,,,,,,,,,,,,,,,,,,,,,,,,,,,,,,8.84144686158563,,,,,,,,,,,,,,,,,,,,,,,,,,,,,,,,,,,,,,,,,,,15.343241208179,,,,,,,,,,,,,,,,,,,,,,,,,,,,,,,,,,
Trout (large),,,,,,,,,,,,,,,,,,,,,,,,,,,,,,,,,,,,,,,,,,8.25743030806844,,,,,,,,,,,,,,,,,,,,,,,,,,,,,,,,,,,,,,,,,,,,,,,,,,,,,,,,,,,,,,,,,,,,,,,,,,,,,
Trout (small),,,,,,,,,,,,,,,,,,,,,,,,,,,,,,,,,,,,,,,,,,6.92053127158953,,,,,,,,,,,,,,,,,,,,,,,,,,,,,,,,,,,,,,,,,,,,,,,,,,,,,,,,,,,,,,,,,,,,,,,,,,,,,
Turkey,,,,,,,,,,,,,,,,,,,5.68456437403254,,,,,,,,,,,,,,,,,,,,,,,17.4998218864819,,,,,,,,,,,,,,,,,,,,,,,,,,,,,,,,,,,,,,,,,,,,,,,,,,,,,,,,,,,,,,,,,,,,,13.4541165497613,,,,,,,,
Virgin olive oil,,,,,,,,,,,,,,,,,,,,,,,,,,,,,,,,,,,,,,,,,,6.32679063665417,,,,,,,,,,,,,,,,,,,,,,,,,,,,,,,,,,,,,,,,,,,,,,5.25128612795807,,,,,,,,,,,,,,,,,,,,,,,,,,,,,,,
Walnuts,,,,,,,,,,,,,,,,,,,,,,,,,,,,,,,,,,,,,,,,,,,,,,,,,,,,,,,,,,,,,,,,,,,,,,,,,,,,,,,,,,,,,,,,,,,,,,,,,,,,,,,,,,,,,,,,,0.917485937036608,,,,,,
Watermelon,,,,,0.827300039457173,,,,,,,,,,,,,,,,,,,,,,,,,,,,,,,,,,,,,,,,,,,,,,,,,0.847457733540862,,,,,,,,,,,,,,,,,,,,,,,,,,,,,,,,,,,,,,,,,,,,,,,,,,,,,,,,,,,,,,,,,
Wheat,1.05599136195471,,,,0.667419192268719,,,4.72128865228612,1.0258735337375,,2.37905077658515,1.11740518556238,,,,2.7539746100238,,,1.0342205368346,,,1.30876361225502,1.35886492041033,,,,1.20541308739028,,,,,1.49994794833701,,1.09581171392498,,2.60099854199311,,0.768564572297906,6.24431870399061,4.00534105665997,,0.95652191471061,,1.24063544946299,,,,,,,,0.869177435167847,,1.80812170340713,1.44665079216088,,1.03699105380424,,1.16582002253612,1.09194832649378,5.56222458821479,,3.55610015069803,1.63042385238366,,,,,,0.859884781102621,56.0436267164099,,6.81307781045999,,1.70289394094776,1.22205113592029,,,2.15631423517537,,1.61883820976378,2.86843049104504,,,,,1.79166452176628,1.94676509406842,,,,5.71938652076352,,,,,1.46765728212304,,,1.26059972988349,,1.34383029386137,,,,,,,5.58319957805796,,0.941835007622451,13.0700637424767,1.27539905388201,,1.83880834895914,,,,0.732926609926798
Wheat and rye bread,,,,,,,,,,,,,,,,,,,,,,,,,,,,,,,,,,,,,,,,,,4.46425000255784,,,,,,,,,,,,,,,,,,,,,,,,,,,,,,,,,,,,,,,1.8282763057529,,,,,,,2.1343419797495,,,,,,,,,,,,,,,,,,,,,,,,,,,,,,,
Wheat bread,,,,,3.67207511424833,,,,,,,,,,,,,,,,,,,,,,,,,1.38084989476332,,,,,,,,,,,,1.46918101538166,,0.650284421962484,,,,,,,,,,,,,1.88404760661869,,,,,,,,,,,,,,,,,,,,,,,,,,,,,,,1.49682573433689,,,,,,,,,,,,1.65264137560043,,,,0.744543338863417,,,,,,,,,,,,,,,
Wheat flour,,,,,,,,,,,,,,,,,,,,,,,1.32722007343631,,,,,,,,,,,,,,,,,,,,,,,1.83989124595996,,,,,,0.867456973408607,,,,,,,,,,,,,,,,,,,,,,,,,,,,,,,,,,,,,,,,,,,,,,,,,,,,,,,,,,,,,,,,,,,
White wine,,,,,,,,,,,,,,,,,,,,,,,,,,,,,,,,,,,,,,,,,,,,,,,,,,,,,,,,,1.36117997564813,,,,,,,,,,,,,,,,,,,,,,,,,,,,,,,4.70118145088758,,1.4910120373275,,,,,,,,,,,,,,1.02278681693008,,,,,,,,,,,,,,,
Wine,,,,,,,,,,,,,,,,,,,3.10989133340022,,,,,,,,,,,,,,,,,,,,,,,,,,,,,,,,,,,,,,1.59771824082968,,,,,,,,,,,,,,,,,,,,,,,,,,,,,,,,,,,,,,,,,,,4.66962000404207,,,,,,,,,,,,,,,,,,,
Wine grapes,,,,,,,,,,,,,,,,,,,,,,,,,,,,,,,,,,,,,,,,,,1.51170319436998,,,,,,,,,,,,,,,1.83144572479606,,,,,,,,,,,,,,,,,,,,,,,,,,,,,,,,,,,,,,,,,,,1.33676800028271,,,,,,,,,,,,,1.13754420779341,,,,,,
Winter Wheat,,,,,,,,,,,,,,,,,,,,,,,,,,,,,,,,,,,,,,,,,,,,,,,,,,,,,,,,,,,,,,,,,,,,,,,,,,,,1.87167899557628,,,,,,,,,,,,,,,,,,,,,,,,,,,,,,,,,,,,,,,,,,,
Winter barley,,,,,,,,,,,,,,,,,,,,,,,,,,,,,1.09862509786786,,,,,,,,,,,,,,,1.02693629393826,,,,,,,,,,,,,,,,,,,,,,,,,,,,,,,,,,,,,,,,,,,,,,,,,,,,,,,,,,,,1.01796183348168,,,,,,,1.04095819460283,,,,,,,,
Winter bread wheat,,,,,,,,,,,,,,,,,,,,,,,,,,,,,,,,,,,,,,,,,,,,,,,,,,,,,,,,,,,,,,,,,,,,,,,,,,,,,,,,,,,,,,,,,,,,,,,,,,,,,,,,1.27333100810576,,,,,,,1.19859036777699,,,,,,,,
Winter carrots,,,,,,,,,,,,,,,,,,,,,,,,,,,,,,,,,,,,,,,,,,,,,,,,,,,,,,,,,,,,,,,,,,,,,,,,,,,,0.427483186114947,,,,,,,,,,,,,,,,,,,,,,,,,,,,,,,,,,,,,,,,,,,
Winter field beans,,,,,,,,,,,,,,,,,,,,,,,,,,,,,,,,,,,,,,,,,,,,,,,,,,,,,,,,,,,,,,,,,,,,,,,,,,,,,,,,,,,,,,,,,,,,,,,,,,,,,,,,,,,,,,,0.923725982410163,,,,,,,,
Winter malting barley,,,,,,,,,,,,,,,,,,,,,,,,,,,,,,,,,,,,,,,,,,1.02899735849289,,,,,,,,,,,,,,,,,,,,,,,,,,,,,,,,,,,,,,,,,,,,,,,,,,,,,,,,,,,,,,,,,,,,,,,,,,,,,
Winter peas,,,,,,,,,,,,,,,,,,,,,,,,,,,,,,,,,,,,,,,,,,0.448359334092911,,,,,,,,,,,,,,,,,,,,,,,,,,,,,,,,,,,,,,,,,,,,,,,,,,,,,,,,,,,,,,,,,,,,,,,,,,,,,
Winter rapeseed,,,,,,,,,,,,,,,,,,,,,,,,,,,,,,,,,,,,,,,,,,3.69340496903936,,2.92048636198183,,,,,,,,,,,,,,,,,,,,,,,,,,,,,,,,,,,,,,,,,,,,,,,,,,,,,,,,,,,3.55283024908881,3.70315980289852,,,,,,,4.4872595123447,,,,,,,,
Winter rye,,,,,,,,,,,,,,,,,,,,,,,,,,,,,,,,,,,,,,,,,,,,0.921667067915421,,,,,,,,,,,,,,,,,,,,,,,,,,,,,,,,,,,,,,,,,,,,,,,,,,,,,,,,,,,,0.924755815331785,,,,,,,,,,,,,,,
Winter wheat,,,,,,,,,,,,,,,,,,,,,,,1.1660833473702,,,,,,1.27113509418138,,,,,1.6965527968836,,,,,,,,0.984258863092743,,1.34416758108712,,,,,,,,,,,,,1.01286967797869,1.58970452344896,,,,,,,,,,,,,,,,,,,,,,,1.70719183424852,,,,,,,,,,,,,,,,,,,,,,1.22998425036441,1.12087757194165,,,,,,,1.01700943802902,,1.49744566221371,,,,,,
